source_file,recipient,subject,body,label
1-setup.eml,all@yupfamilly.org.uk,Yes me,It's Me,"yes, me"
1-setup.eml,all@valuegreatness.co.uk,Yes me,It's Me,"yes, me"
1-setup.eml,bag@mazguiti.com,Yes me,It's Me,"yes, me"
1-setup.eml,biner@goldasin.net,Yes me,It's Me,"yes, me"
1-setup.eml,city@thecofimar.com,Yes me,It's Me,"yes, me"
1-setup.eml,contact@tagerosa.net,Yes me,It's Me,"yes, me"
1-setup.eml,fox@harpano.com,Yes me,It's Me,"yes, me"
1-setup.eml,info@besagres.com,Yes me,It's Me,"yes, me"
1-setup.eml,mail@hulalateach.com,Yes me,It's Me,"yes, me"
1-setup.eml,news@saprayxon.net,Yes me,It's Me,"yes, me"
1-setup.eml,offre@chipsnali.net,Yes me,It's Me,"yes, me"
1-setup.eml,open@biodisfruta.com,Yes me,It's Me,"yes, me"
1-setup.eml,port@thesalvora.com,Yes me,It's Me,"yes, me"
1-setup.eml,reply@galdami.net,Yes me,It's Me,"yes, me"
1-setup.eml,rex@okinawazones.net,Yes me,It's Me,"yes, me"
1-setup.eml,rpl@waqman.com,Yes me,It's Me,"yes, me"
1-setup.eml,send@mengananateam.net,Yes me,It's Me,"yes, me"
1-setup.eml,sky@hombresimba.com,Yes me,It's Me,"yes, me"
1-setup.eml,sun@capitalaccuracy.com,Yes me,It's Me,"yes, me"
1-setup.eml,team@biosobre.com,Yes me,It's Me,"yes, me"
1-setup.eml,contact@contact.mazguiti.com,Yes me,It's Me,"yes, me"
1-setup.eml,contact@contact.goldasin.net,Yes me,It's Me,"yes, me"
1-setup.eml,contact@contact.thecofimar.com,Yes me,It's Me,"yes, me"
1-setup.eml,contact@contact.tagerosa.net,Yes me,It's Me,"yes, me"
1-setup.eml,contact@contact.harpano.com,Yes me,It's Me,"yes, me"
1-setup.eml,contact@contact.besagres.com,Yes me,It's Me,"yes, me"
1-setup.eml,contact@contact.hulalateach.com,Yes me,It's Me,"yes, me"
1-setup.eml,contact@contact.saprayxon.net,Yes me,It's Me,"yes, me"
1-setup.eml,contact@contact.chipsnali.net,Yes me,It's Me,"yes, me"
1-setup.eml,contact@contact.biodisfruta.com,Yes me,It's Me,"yes, me"
1-setup.eml,contact@contact.thesalvora.com,Yes me,It's Me,"yes, me"
1-setup.eml,contact@contact.galdami.net,Yes me,It's Me,"yes, me"
1-setup.eml,contact@contact.okinawazones.net,Yes me,It's Me,"yes, me"
1-setup.eml,contact@contact.waqman.com,Yes me,It's Me,"yes, me"
1-setup.eml,contact@contact.mengananateam.net,Yes me,It's Me,"yes, me"
1-setup.eml,contact@contact.hombresimba.com,Yes me,It's Me,"yes, me"
1-setup.eml,contact@contact.capitalaccuracy.com,Yes me,It's Me,"yes, me"
1-setup.eml,contact@contact.biosobre.com,Yes me,It's Me,"yes, me"
1-setup.eml,info@info.mazguiti.com,Yes me,It's Me,"yes, me"
1-setup.eml,info@info.goldasin.net,Yes me,It's Me,"yes, me"
1-setup.eml,info@info.thecofimar.com,Yes me,It's Me,"yes, me"
1-setup.eml,info@info.tagerosa.net,Yes me,It's Me,"yes, me"
1-setup.eml,info@info.harpano.com,Yes me,It's Me,"yes, me"
1-setup.eml,info@info.besagres.com,Yes me,It's Me,"yes, me"
1-setup.eml,info@info.hulalateach.com,Yes me,It's Me,"yes, me"
1-setup.eml,info@info.saprayxon.net,Yes me,It's Me,"yes, me"
1-setup.eml,info@info.chipsnali.net,Yes me,It's Me,"yes, me"
1-setup.eml,info@info.biodisfruta.com,Yes me,It's Me,"yes, me"
1-setup.eml,info@info.thesalvora.com,Yes me,It's Me,"yes, me"
1-setup.eml,info@info.galdami.net,Yes me,It's Me,"yes, me"
1-setup.eml,info@info.okinawazones.net,Yes me,It's Me,"yes, me"
1-setup.eml,info@info.waqman.com,Yes me,It's Me,"yes, me"
1-setup.eml,info@info.mengananateam.net,Yes me,It's Me,"yes, me"
1-setup.eml,info@info.hombresimba.com,Yes me,It's Me,"yes, me"
1-setup.eml,info@info.capitalaccuracy.com,Yes me,It's Me,"yes, me"
1-setup.eml,info@info.biosobre.com,Yes me,It's Me,"yes, me"
1-setup.eml,tele@nokidolce.com,Yes me,It's Me,"yes, me"
1-setup.eml,sol@samsgabana.com,Yes me,It's Me,"yes, me"
1-setup.eml,return@danevache.com,Yes me,It's Me,"yes, me"
1-setup.eml,contacto@tacodunes.com,Yes me,It's Me,"yes, me"
1-setup.eml,email@medirisia.com,Yes me,It's Me,"yes, me"
1-setup.eml,check@calioteenz.com,Yes me,It's Me,"yes, me"
1-setup.eml,nani@buscalsol.com,Yes me,It's Me,"yes, me"
1-setup.eml,core@activiadan.com,Yes me,It's Me,"yes, me"
1-setup.eml,team@limbragui.net,Yes me,It's Me,"yes, me"
1-setup.eml,offer@bombiwhite.com,Yes me,It's Me,"yes, me"
1-setup.eml,toki@florvent.net,Yes me,It's Me,"yes, me"
1-setup.eml,ken@theherdez.net,Yes me,It's Me,"yes, me"
1-setup.eml,joy@nantorealcalvo.net,Yes me,It's Me,"yes, me"
1-setup.eml,fun@felixdorado.net,Yes me,It's Me,"yes, me"
1-setup.eml,able@catnegro.net,Yes me,It's Me,"yes, me"
1-setup.eml,flag@samelserio.net,Yes me,It's Me,"yes, me"
1-setup.eml,click@megasardinar.net,Yes me,It's Me,"yes, me"
1-setup.eml,sam@zigurrat.net,Yes me,It's Me,"yes, me"
1-setup.eml,puerto@sardinman.net,Yes me,It's Me,"yes, me"
1-setup.eml,contact@contact.nokidolce.com,Yes me,It's Me,"yes, me"
1-setup.eml,contact@contact.samsgabana.com,Yes me,It's Me,"yes, me"
1-setup.eml,contact@contact.danevache.com,Yes me,It's Me,"yes, me"
1-setup.eml,contact@contact.tacodunes.com,Yes me,It's Me,"yes, me"
1-setup.eml,contact@contact.medirisia.com,Yes me,It's Me,"yes, me"
1-setup.eml,contact@contact.calioteenz.com,Yes me,It's Me,"yes, me"
1-setup.eml,contact@contact.buscalsol.com,Yes me,It's Me,"yes, me"
1-setup.eml,contact@contact.activiadan.com,Yes me,It's Me,"yes, me"
1-setup.eml,contact@contact.limbragui.net,Yes me,It's Me,"yes, me"
1-setup.eml,contact@contact.bombiwhite.com,Yes me,It's Me,"yes, me"
1-setup.eml,contact@contact.florvent.net,Yes me,It's Me,"yes, me"
1-setup.eml,contact@contact.theherdez.net,Yes me,It's Me,"yes, me"
1-setup.eml,contact@contact.nantorealcalvo.net,Yes me,It's Me,"yes, me"
1-setup.eml,contact@contact.felixdorado.net,Yes me,It's Me,"yes, me"
1-setup.eml,contact@contact.catnegro.net,Yes me,It's Me,"yes, me"
1-setup.eml,contact@contact.samelserio.net,Yes me,It's Me,"yes, me"
1-setup.eml,contact@contact.megasardinar.net,Yes me,It's Me,"yes, me"
1-setup.eml,contact@contact.zigurrat.net,Yes me,It's Me,"yes, me"
1-setup.eml,contact@contact.sardinman.net,Yes me,It's Me,"yes, me"
1-setup.eml,info@info.nokidolce.com,Yes me,It's Me,"yes, me"
1-setup.eml,info@info.samsgabana.com,Yes me,It's Me,"yes, me"
1-setup.eml,info@info.danevache.com,Yes me,It's Me,"yes, me"
1-setup.eml,info@info.tacodunes.com,Yes me,It's Me,"yes, me"
1-setup.eml,info@info.medirisia.com,Yes me,It's Me,"yes, me"
1-setup.eml,info@info.calioteenz.com,Yes me,It's Me,"yes, me"
1-setup.eml,info@info.buscalsol.com,Yes me,It's Me,"yes, me"
1-setup.eml,info@info.activiadan.com,Yes me,It's Me,"yes, me"
1-setup.eml,info@info.limbragui.net,Yes me,It's Me,"yes, me"
1-setup.eml,info@info.bombiwhite.com,Yes me,It's Me,"yes, me"
1-setup.eml,info@info.florvent.net,Yes me,It's Me,"yes, me"
1-setup.eml,info@info.theherdez.net,Yes me,It's Me,"yes, me"
1-setup.eml,info@info.nantorealcalvo.net,Yes me,It's Me,"yes, me"
1-setup.eml,info@info.felixdorado.net,Yes me,It's Me,"yes, me"
1-setup.eml,info@info.catnegro.net,Yes me,It's Me,"yes, me"
1-setup.eml,info@info.samelserio.net,Yes me,It's Me,"yes, me"
1-setup.eml,info@info.megasardinar.net,Yes me,It's Me,"yes, me"
1-setup.eml,info@info.zigurrat.net,Yes me,It's Me,"yes, me"
1-setup.eml,info@info.sardinman.net,Yes me,It's Me,"yes, me"
1-setup.eml,email@floridaprimor.net,Yes me,It's Me,"yes, me"
1-setup.eml,contact@bestofground.com,Yes me,It's Me,"yes, me"
1-setup.eml,tele@capitalwag.com,Yes me,It's Me,"yes, me"
1-setup.eml,admin@carsvortex.com,Yes me,It's Me,"yes, me"
1-setup.eml,aero@clockweb.net,Yes me,It's Me,"yes, me"
1-setup.eml,vero@deeplightnow.net,Yes me,It's Me,"yes, me"
1-setup.eml,robin@differentcenter.net,Yes me,It's Me,"yes, me"
1-setup.eml,elite@fastgears.net,Yes me,It's Me,"yes, me"
1-setup.eml,great@giantspaces.net,Yes me,It's Me,"yes, me"
1-setup.eml,master@highspeedcars.net,Yes me,It's Me,"yes, me"
1-setup.eml,news@howtoshow.net,Yes me,It's Me,"yes, me"
1-setup.eml,control@maximump.com,Yes me,It's Me,"yes, me"
1-setup.eml,support@moonmountains.com,Yes me,It's Me,"yes, me"
1-setup.eml,post@penintime.com,Yes me,It's Me,"yes, me"
1-setup.eml,info@redefspace.com,Yes me,It's Me,"yes, me"
1-setup.eml,one@rosehouse.net,Yes me,It's Me,"yes, me"
1-setup.eml,jessica@simplyjust.net,Yes me,It's Me,"yes, me"
1-setup.eml,taylor@tundraft.com,Yes me,It's Me,"yes, me"
1-setup.eml,mail@voxtee.com,Yes me,It's Me,"yes, me"
1-setup.eml,primary@webhappyface.com,Yes me,It's Me,"yes, me"
1-setup.eml,contact@contact.floridaprimor.net,Yes me,It's Me,"yes, me"
1-setup.eml,contact@contact.bestofground.com,Yes me,It's Me,"yes, me"
1-setup.eml,contact@contact.capitalwag.com,Yes me,It's Me,"yes, me"
1-setup.eml,contact@contact.carsvortex.com,Yes me,It's Me,"yes, me"
1-setup.eml,contact@contact.clockweb.net,Yes me,It's Me,"yes, me"
1-setup.eml,contact@contact.deeplightnow.net,Yes me,It's Me,"yes, me"
1-setup.eml,contact@contact.differentcenter.net,Yes me,It's Me,"yes, me"
1-setup.eml,contact@contact.fastgears.net,Yes me,It's Me,"yes, me"
1-setup.eml,contact@contact.giantspaces.net,Yes me,It's Me,"yes, me"
1-setup.eml,contact@contact.highspeedcars.net,Yes me,It's Me,"yes, me"
1-setup.eml,contact@contact.howtoshow.net,Yes me,It's Me,"yes, me"
1-setup.eml,contact@contact.maximump.com,Yes me,It's Me,"yes, me"
1-setup.eml,contact@contact.moonmountains.com,Yes me,It's Me,"yes, me"
1-setup.eml,contact@contact.penintime.com,Yes me,It's Me,"yes, me"
1-setup.eml,contact@contact.redefspace.com,Yes me,It's Me,"yes, me"
1-setup.eml,contact@contact.rosehouse.net,Yes me,It's Me,"yes, me"
1-setup.eml,contact@contact.simplyjust.net,Yes me,It's Me,"yes, me"
1-setup.eml,contact@contact.tundraft.com,Yes me,It's Me,"yes, me"
1-setup.eml,contact@contact.voxtee.com,Yes me,It's Me,"yes, me"
1-setup.eml,contact@contact.webhappyface.com,Yes me,It's Me,"yes, me"
1-setup.eml,info@info.floridaprimor.net,Yes me,It's Me,"yes, me"
1-setup.eml,info@info.bestofground.com,Yes me,It's Me,"yes, me"
1-setup.eml,info@info.capitalwag.com,Yes me,It's Me,"yes, me"
1-setup.eml,info@info.carsvortex.com,Yes me,It's Me,"yes, me"
1-setup.eml,info@info.clockweb.net,Yes me,It's Me,"yes, me"
1-setup.eml,info@info.deeplightnow.net,Yes me,It's Me,"yes, me"
1-setup.eml,info@info.differentcenter.net,Yes me,It's Me,"yes, me"
1-setup.eml,info@info.fastgears.net,Yes me,It's Me,"yes, me"
1-setup.eml,info@info.giantspaces.net,Yes me,It's Me,"yes, me"
1-setup.eml,info@info.highspeedcars.net,Yes me,It's Me,"yes, me"
1-setup.eml,info@info.howtoshow.net,Yes me,It's Me,"yes, me"
1-setup.eml,info@info.maximump.com,Yes me,It's Me,"yes, me"
1-setup.eml,info@info.moonmountains.com,Yes me,It's Me,"yes, me"
1-setup.eml,info@info.penintime.com,Yes me,It's Me,"yes, me"
1-setup.eml,info@info.redefspace.com,Yes me,It's Me,"yes, me"
1-setup.eml,info@info.rosehouse.net,Yes me,It's Me,"yes, me"
1-setup.eml,info@info.simplyjust.net,Yes me,It's Me,"yes, me"
1-setup.eml,info@info.tundraft.com,Yes me,It's Me,"yes, me"
1-setup.eml,info@info.voxtee.com,Yes me,It's Me,"yes, me"
1-setup.eml,info@info.webhappyface.com,Yes me,It's Me,"yes, me"
1-setup.eml,from@skillevents.net,Yes me,It's Me,"yes, me"
1-setup.eml,pearle@financeyourlife.net,Yes me,It's Me,"yes, me"
1-setup.eml,will@precisiontail.net,Yes me,It's Me,"yes, me"
1-setup.eml,support@marketsbrain.net,Yes me,It's Me,"yes, me"
1-setup.eml,admin@successpath.net,Yes me,It's Me,"yes, me"
1-setup.eml,email@flippagoods.net,Yes me,It's Me,"yes, me"
1-setup.eml,voice@fishingways.net,Yes me,It's Me,"yes, me"
1-setup.eml,contact@thecapitalnomad.net,Yes me,It's Me,"yes, me"
1-setup.eml,user@thecapitalextreme.net,Yes me,It's Me,"yes, me"
1-setup.eml,rpl@breculanorth.com,Yes me,It's Me,"yes, me"
1-setup.eml,aero@colourfullmind.com,Yes me,It's Me,"yes, me"
1-setup.eml,tele@naturefallthoughts.com,Yes me,It's Me,"yes, me"
1-setup.eml,voice@beautieviews.com,Yes me,It's Me,"yes, me"
1-setup.eml,ned@warmarea.com,Yes me,It's Me,"yes, me"
1-setup.eml,team@blankpapper.com,Yes me,It's Me,"yes, me"
1-setup.eml,return@brightnessbox.com,Yes me,It's Me,"yes, me"
1-setup.eml,mail@shineknowledge.com,Yes me,It's Me,"yes, me"
1-setup.eml,service@pinkieframe.com,Yes me,It's Me,"yes, me"
1-setup.eml,contact@contact.skillevents.net,Yes me,It's Me,"yes, me"
1-setup.eml,contact@contact.financeyourlife.net,Yes me,It's Me,"yes, me"
1-setup.eml,contact@contact.precisiontail.net,Yes me,It's Me,"yes, me"
1-setup.eml,contact@contact.marketsbrain.net,Yes me,It's Me,"yes, me"
1-setup.eml,contact@contact.successpath.net,Yes me,It's Me,"yes, me"
1-setup.eml,contact@contact.flippagoods.net,Yes me,It's Me,"yes, me"
1-setup.eml,contact@contact.fishingways.net,Yes me,It's Me,"yes, me"
1-setup.eml,contact@contact.thecapitalnomad.net,Yes me,It's Me,"yes, me"
1-setup.eml,contact@contact.thecapitalextreme.net,Yes me,It's Me,"yes, me"
1-setup.eml,contact@contact.breculanorth.com,Yes me,It's Me,"yes, me"
1-setup.eml,contact@contact.colourfullmind.com,Yes me,It's Me,"yes, me"
1-setup.eml,contact@contact.naturefallthoughts.com,Yes me,It's Me,"yes, me"
1-setup.eml,contact@contact.beautieviews.com,Yes me,It's Me,"yes, me"
1-setup.eml,contact@contact.warmarea.com,Yes me,It's Me,"yes, me"
1-setup.eml,contact@contact.blankpapper.com,Yes me,It's Me,"yes, me"
1-setup.eml,contact@contact.brightnessbox.com,Yes me,It's Me,"yes, me"
1-setup.eml,contact@contact.shineknowledge.com,Yes me,It's Me,"yes, me"
1-setup.eml,contact@contact.pinkieframe.com,Yes me,It's Me,"yes, me"
1-setup.eml,info@info.skillevents.net,Yes me,It's Me,"yes, me"
1-setup.eml,info@info.financeyourlife.net,Yes me,It's Me,"yes, me"
1-setup.eml,info@info.precisiontail.net,Yes me,It's Me,"yes, me"
1-setup.eml,info@info.marketsbrain.net,Yes me,It's Me,"yes, me"
1-setup.eml,info@info.successpath.net,Yes me,It's Me,"yes, me"
1-setup.eml,info@info.flippagoods.net,Yes me,It's Me,"yes, me"
1-setup.eml,info@info.fishingways.net,Yes me,It's Me,"yes, me"
1-setup.eml,info@info.thecapitalnomad.net,Yes me,It's Me,"yes, me"
1-setup.eml,info@info.thecapitalextreme.net,Yes me,It's Me,"yes, me"
1-setup.eml,info@info.breculanorth.com,Yes me,It's Me,"yes, me"
1-setup.eml,info@info.colourfullmind.com,Yes me,It's Me,"yes, me"
1-setup.eml,info@info.naturefallthoughts.com,Yes me,It's Me,"yes, me"
1-setup.eml,info@info.beautieviews.com,Yes me,It's Me,"yes, me"
1-setup.eml,info@info.warmarea.com,Yes me,It's Me,"yes, me"
1-setup.eml,info@info.blankpapper.com,Yes me,It's Me,"yes, me"
1-setup.eml,info@info.brightnessbox.com,Yes me,It's Me,"yes, me"
1-setup.eml,info@info.shineknowledge.com,Yes me,It's Me,"yes, me"
1-setup.eml,info@info.pinkieframe.com,Yes me,It's Me,"yes, me"
1-setup.eml,email@acubay.net,Yes me,It's Me,"yes, me"
1-setup.eml,from@icesumo.net,Yes me,It's Me,"yes, me"
1-setup.eml,spec@clickforbes.net,Yes me,It's Me,"yes, me"
1-setup.eml,offer@wiselax.net,Yes me,It's Me,"yes, me"
1-setup.eml,rpl@brainfullwise.net,Yes me,It's Me,"yes, me"
1-setup.eml,mail@woneod.net,Yes me,It's Me,"yes, me"
1-setup.eml,info@pewds.net,Yes me,It's Me,"yes, me"
1-setup.eml,reply@itumpy.net,Yes me,It's Me,"yes, me"
1-setup.eml,nice@keelboat.net,Yes me,It's Me,"yes, me"
1-setup.eml,amanda@azydeco.net,Yes me,It's Me,"yes, me"
1-setup.eml,rto@siegee.com,Yes me,It's Me,"yes, me"
1-setup.eml,contacto@tamenfo.com,Yes me,It's Me,"yes, me"
1-setup.eml,support@corrage.com,Yes me,It's Me,"yes, me"
1-setup.eml,cor@sedopar.com,Yes me,It's Me,"yes, me"
1-setup.eml,tele@kickcarafe.com,Yes me,It's Me,"yes, me"
1-setup.eml,check@thinduvet.com,Yes me,It's Me,"yes, me"
1-setup.eml,mailer@xpuffer.com,Yes me,It's Me,"yes, me"
1-setup.eml,return@sindium.com,Yes me,It's Me,"yes, me"
1-setup.eml,admin@tyuete.com,Yes me,It's Me,"yes, me"
1-setup.eml,main@undersealite.com,Yes me,It's Me,"yes, me"
1-setup.eml,contact@contact.acubay.net,Yes me,It's Me,"yes, me"
1-setup.eml,contact@contact.icesumo.net,Yes me,It's Me,"yes, me"
1-setup.eml,contact@contact.clickforbes.net,Yes me,It's Me,"yes, me"
1-setup.eml,contact@contact.wiselax.net,Yes me,It's Me,"yes, me"
1-setup.eml,contact@contact.brainfullwise.net,Yes me,It's Me,"yes, me"
1-setup.eml,contact@contact.woneod.net,Yes me,It's Me,"yes, me"
1-setup.eml,contact@contact.pewds.net,Yes me,It's Me,"yes, me"
1-setup.eml,contact@contact.itumpy.net,Yes me,It's Me,"yes, me"
1-setup.eml,contact@contact.keelboat.net,Yes me,It's Me,"yes, me"
1-setup.eml,contact@contact.azydeco.net,Yes me,It's Me,"yes, me"
1-setup.eml,contact@contact.siegee.com,Yes me,It's Me,"yes, me"
1-setup.eml,contact@contact.tamenfo.com,Yes me,It's Me,"yes, me"
1-setup.eml,contact@contact.corrage.com,Yes me,It's Me,"yes, me"
1-setup.eml,contact@contact.sedopar.com,Yes me,It's Me,"yes, me"
1-setup.eml,contact@contact.kickcarafe.com,Yes me,It's Me,"yes, me"
1-setup.eml,contact@contact.thinduvet.com,Yes me,It's Me,"yes, me"
1-setup.eml,contact@contact.xpuffer.com,Yes me,It's Me,"yes, me"
1-setup.eml,contact@contact.sindium.com,Yes me,It's Me,"yes, me"
1-setup.eml,contact@contact.tyuete.com,Yes me,It's Me,"yes, me"
1-setup.eml,contact@contact.undersealite.com,Yes me,It's Me,"yes, me"
1-setup.eml,info@info.acubay.net,Yes me,It's Me,"yes, me"
1-setup.eml,info@info.icesumo.net,Yes me,It's Me,"yes, me"
1-setup.eml,info@info.clickforbes.net,Yes me,It's Me,"yes, me"
1-setup.eml,info@info.wiselax.net,Yes me,It's Me,"yes, me"
1-setup.eml,info@info.brainfullwise.net,Yes me,It's Me,"yes, me"
1-setup.eml,info@info.woneod.net,Yes me,It's Me,"yes, me"
1-setup.eml,info@info.pewds.net,Yes me,It's Me,"yes, me"
1-setup.eml,info@info.itumpy.net,Yes me,It's Me,"yes, me"
1-setup.eml,info@info.keelboat.net,Yes me,It's Me,"yes, me"
1-setup.eml,info@info.azydeco.net,Yes me,It's Me,"yes, me"
1-setup.eml,info@info.siegee.com,Yes me,It's Me,"yes, me"
1-setup.eml,info@info.tamenfo.com,Yes me,It's Me,"yes, me"
1-setup.eml,info@info.corrage.com,Yes me,It's Me,"yes, me"
1-setup.eml,info@info.sedopar.com,Yes me,It's Me,"yes, me"
1-setup.eml,info@info.kickcarafe.com,Yes me,It's Me,"yes, me"
1-setup.eml,info@info.thinduvet.com,Yes me,It's Me,"yes, me"
1-setup.eml,info@info.xpuffer.com,Yes me,It's Me,"yes, me"
1-setup.eml,info@info.sindium.com,Yes me,It's Me,"yes, me"
1-setup.eml,info@info.tyuete.com,Yes me,It's Me,"yes, me"
1-setup.eml,info@info.undersealite.com,Yes me,It's Me,"yes, me"
1-setup.eml,mail@bestanu.com,Yes me,It's Me,"yes, me"
1-setup.eml,email@softloss.com,Yes me,It's Me,"yes, me"
1-setup.eml,rpl@hidenes.com,Yes me,It's Me,"yes, me"
1-setup.eml,tele@birdmile.com,Yes me,It's Me,"yes, me"
1-setup.eml,jimmy@dailyton.com,Yes me,It's Me,"yes, me"
1-setup.eml,med@gohantime.com,Yes me,It's Me,"yes, me"
1-setup.eml,from@logicrose.com,Yes me,It's Me,"yes, me"
1-setup.eml,info@agepirade.com,Yes me,It's Me,"yes, me"
1-setup.eml,reply@masadore.com,Yes me,It's Me,"yes, me"
1-setup.eml,admin@greedolando.com,Yes me,It's Me,"yes, me"
1-setup.eml,return@famousic.net,Yes me,It's Me,"yes, me"
1-setup.eml,spec@claypan.net,Yes me,It's Me,"yes, me"
1-setup.eml,pew@bingoban.net,Yes me,It's Me,"yes, me"
1-setup.eml,amanda@facopedia.net,Yes me,It's Me,"yes, me"
1-setup.eml,cor@faceram.net,Yes me,It's Me,"yes, me"
1-setup.eml,check@mynotice.net,Yes me,It's Me,"yes, me"
1-setup.eml,me@justmind.net,Yes me,It's Me,"yes, me"
1-setup.eml,main@linkcover.net,Yes me,It's Me,"yes, me"
1-setup.eml,aero@hitprime.net,Yes me,It's Me,"yes, me"
1-setup.eml,hinka@sightside.net,Yes me,It's Me,"yes, me"
1-setup.eml,contact@contact.bestanu.com,Yes me,It's Me,"yes, me"
1-setup.eml,contact@contact.softloss.com,Yes me,It's Me,"yes, me"
1-setup.eml,contact@contact.hidenes.com,Yes me,It's Me,"yes, me"
1-setup.eml,contact@contact.birdmile.com,Yes me,It's Me,"yes, me"
1-setup.eml,contact@contact.dailyton.com,Yes me,It's Me,"yes, me"
1-setup.eml,contact@contact.gohantime.com,Yes me,It's Me,"yes, me"
1-setup.eml,contact@contact.logicrose.com,Yes me,It's Me,"yes, me"
1-setup.eml,contact@contact.agepirade.com,Yes me,It's Me,"yes, me"
1-setup.eml,contact@contact.masadore.com,Yes me,It's Me,"yes, me"
1-setup.eml,contact@contact.greedolando.com,Yes me,It's Me,"yes, me"
1-setup.eml,contact@contact.famousic.net,Yes me,It's Me,"yes, me"
1-setup.eml,contact@contact.claypan.net,Yes me,It's Me,"yes, me"
1-setup.eml,contact@contact.bingoban.net,Yes me,It's Me,"yes, me"
1-setup.eml,contact@contact.facopedia.net,Yes me,It's Me,"yes, me"
1-setup.eml,contact@contact.faceram.net,Yes me,It's Me,"yes, me"
1-setup.eml,contact@contact.mynotice.net,Yes me,It's Me,"yes, me"
1-setup.eml,contact@contact.justmind.net,Yes me,It's Me,"yes, me"
1-setup.eml,contact@contact.linkcover.net,Yes me,It's Me,"yes, me"
1-setup.eml,contact@contact.hitprime.net,Yes me,It's Me,"yes, me"
1-setup.eml,contact@contact.sightside.net,Yes me,It's Me,"yes, me"
1-setup.eml,info@info.bestanu.com,Yes me,It's Me,"yes, me"
1-setup.eml,info@info.softloss.com,Yes me,It's Me,"yes, me"
1-setup.eml,info@info.hidenes.com,Yes me,It's Me,"yes, me"
1-setup.eml,info@info.birdmile.com,Yes me,It's Me,"yes, me"
1-setup.eml,info@info.dailyton.com,Yes me,It's Me,"yes, me"
1-setup.eml,info@info.gohantime.com,Yes me,It's Me,"yes, me"
1-setup.eml,info@info.logicrose.com,Yes me,It's Me,"yes, me"
1-setup.eml,info@info.agepirade.com,Yes me,It's Me,"yes, me"
1-setup.eml,info@info.masadore.com,Yes me,It's Me,"yes, me"
1-setup.eml,info@info.greedolando.com,Yes me,It's Me,"yes, me"
1-setup.eml,info@info.famousic.net,Yes me,It's Me,"yes, me"
1-setup.eml,info@info.claypan.net,Yes me,It's Me,"yes, me"
1-setup.eml,info@info.bingoban.net,Yes me,It's Me,"yes, me"
1-setup.eml,info@info.facopedia.net,Yes me,It's Me,"yes, me"
1-setup.eml,info@info.faceram.net,Yes me,It's Me,"yes, me"
1-setup.eml,info@info.mynotice.net,Yes me,It's Me,"yes, me"
1-setup.eml,info@info.justmind.net,Yes me,It's Me,"yes, me"
1-setup.eml,info@info.linkcover.net,Yes me,It's Me,"yes, me"
1-setup.eml,info@info.hitprime.net,Yes me,It's Me,"yes, me"
1-setup.eml,info@info.sightside.net,Yes me,It's Me,"yes, me"
1-setup.eml,support@teddfod.cn.com,Yes me,It's Me,"yes, me"
1-setup.eml,support@morozone.cn.com,Yes me,It's Me,"yes, me"
1-setup.eml,support@othesis.cn.com,Yes me,It's Me,"yes, me"
1-setup.eml,support@withophy.br.com,Yes me,It's Me,"yes, me"
1-setup.eml,support@mainly.de.com,Yes me,It's Me,"yes, me"
1-setup.eml,support@nauplify.de.com,Yes me,It's Me,"yes, me"
1-setup.eml,support@resouri.de.com,Yes me,It's Me,"yes, me"
1-setup.eml,support@presistan.uk.com,Yes me,It's Me,"yes, me"
1-setup.eml,support@verwock.uk.com,Yes me,It's Me,"yes, me"
1-setup.eml,support@canalyzing.uk.com,Yes me,It's Me,"yes, me"
1-setup.eml,support@sardose.us.org,Yes me,It's Me,"yes, me"
1-setup.eml,support@britical.us.org,Yes me,It's Me,"yes, me"
1-setup.eml,support@utilak.us.org,Yes me,It's Me,"yes, me"
1-setup.eml,support@pecules.us.com,Yes me,It's Me,"yes, me"
1-setup.eml,support@flatska.us.com,Yes me,It's Me,"yes, me"
1-setup.eml,support@bouncil.us.com,Yes me,It's Me,"yes, me"
1-setup.eml,contact@contact.teddfod.cn.com,Yes me,It's Me,"yes, me"
1-setup.eml,contact@contact.morozone.cn.com,Yes me,It's Me,"yes, me"
1-setup.eml,contact@contact.othesis.cn.com,Yes me,It's Me,"yes, me"
1-setup.eml,contact@contact.withophy.br.com,Yes me,It's Me,"yes, me"
1-setup.eml,contact@contact.mainly.de.com,Yes me,It's Me,"yes, me"
1-setup.eml,contact@contact.nauplify.de.com,Yes me,It's Me,"yes, me"
1-setup.eml,contact@contact.resouri.de.com,Yes me,It's Me,"yes, me"
1-setup.eml,contact@contact.presistan.uk.com,Yes me,It's Me,"yes, me"
1-setup.eml,contact@contact.verwock.uk.com,Yes me,It's Me,"yes, me"
1-setup.eml,contact@contact.canalyzing.uk.com,Yes me,It's Me,"yes, me"
1-setup.eml,contact@contact.sardose.us.org,Yes me,It's Me,"yes, me"
1-setup.eml,contact@contact.britical.us.org,Yes me,It's Me,"yes, me"
1-setup.eml,contact@contact.utilak.us.org,Yes me,It's Me,"yes, me"
1-setup.eml,contact@contact.pecules.us.com,Yes me,It's Me,"yes, me"
1-setup.eml,contact@contact.flatska.us.com,Yes me,It's Me,"yes, me"
1-setup.eml,contact@contact.bouncil.us.com,Yes me,It's Me,"yes, me"
1-setup.eml,info@info.teddfod.cn.com,Yes me,It's Me,"yes, me"
1-setup.eml,info@info.morozone.cn.com,Yes me,It's Me,"yes, me"
1-setup.eml,info@info.othesis.cn.com,Yes me,It's Me,"yes, me"
1-setup.eml,info@info.withophy.br.com,Yes me,It's Me,"yes, me"
1-setup.eml,info@info.mainly.de.com,Yes me,It's Me,"yes, me"
1-setup.eml,info@info.nauplify.de.com,Yes me,It's Me,"yes, me"
1-setup.eml,info@info.resouri.de.com,Yes me,It's Me,"yes, me"
1-setup.eml,info@info.presistan.uk.com,Yes me,It's Me,"yes, me"
1-setup.eml,info@info.verwock.uk.com,Yes me,It's Me,"yes, me"
1-setup.eml,info@info.canalyzing.uk.com,Yes me,It's Me,"yes, me"
1-setup.eml,info@info.sardose.us.org,Yes me,It's Me,"yes, me"
1-setup.eml,info@info.britical.us.org,Yes me,It's Me,"yes, me"
1-setup.eml,info@info.utilak.us.org,Yes me,It's Me,"yes, me"
1-setup.eml,info@info.pecules.us.com,Yes me,It's Me,"yes, me"
1-setup.eml,info@info.flatska.us.com,Yes me,It's Me,"yes, me"
1-setup.eml,info@info.bouncil.us.com,Yes me,It's Me,"yes, me"
1-setup.eml,support@mysocialtab.com,Yes me,It's Me,"yes, me"
1-setup.eml,support@indiaecommercebrief.com,Yes me,It's Me,"yes, me"
1-setup.eml,support@ikramedia.web.id,Yes me,It's Me,"yes, me"
1-setup.eml,support@tradetab.io,Yes me,It's Me,"yes, me"
1-setup.eml,support@cirugiagenital.com.mx,Yes me,It's Me,"yes, me"
1-setup.eml,contact@contact.mysocialtab.com,Yes me,It's Me,"yes, me"
1-setup.eml,contact@contact.indiaecommercebrief.com,Yes me,It's Me,"yes, me"
1-setup.eml,contact@contact.ikramedia.web.id,Yes me,It's Me,"yes, me"
1-setup.eml,contact@contact.tradetab.io,Yes me,It's Me,"yes, me"
1-setup.eml,contact@contact.cirugiagenital.com.mx,Yes me,It's Me,"yes, me"
1-setup.eml,info@info.mysocialtab.com,Yes me,It's Me,"yes, me"
1-setup.eml,info@info.indiaecommercebrief.com,Yes me,It's Me,"yes, me"
1-setup.eml,info@info.ikramedia.web.id,Yes me,It's Me,"yes, me"
1-setup.eml,info@info.tradetab.io,Yes me,It's Me,"yes, me"
1-setup.eml,info@info.cirugiagenital.com.mx,Yes me,It's Me,"yes, me"
2-frog.eml,all@yupfamilly.org.uk,Yes me,It's Me,"yes, me"
2-frog.eml,all@valuegreatness.co.uk,Yes me,It's Me,"yes, me"
2-frog.eml,bag@mazguiti.com,Yes me,It's Me,"yes, me"
2-frog.eml,biner@goldasin.net,Yes me,It's Me,"yes, me"
2-frog.eml,city@thecofimar.com,Yes me,It's Me,"yes, me"
2-frog.eml,contact@tagerosa.net,Yes me,It's Me,"yes, me"
2-frog.eml,fox@harpano.com,Yes me,It's Me,"yes, me"
2-frog.eml,info@besagres.com,Yes me,It's Me,"yes, me"
2-frog.eml,mail@hulalateach.com,Yes me,It's Me,"yes, me"
2-frog.eml,news@saprayxon.net,Yes me,It's Me,"yes, me"
2-frog.eml,offre@chipsnali.net,Yes me,It's Me,"yes, me"
2-frog.eml,open@biodisfruta.com,Yes me,It's Me,"yes, me"
2-frog.eml,port@thesalvora.com,Yes me,It's Me,"yes, me"
2-frog.eml,reply@galdami.net,Yes me,It's Me,"yes, me"
2-frog.eml,rex@okinawazones.net,Yes me,It's Me,"yes, me"
2-frog.eml,rpl@waqman.com,Yes me,It's Me,"yes, me"
2-frog.eml,send@mengananateam.net,Yes me,It's Me,"yes, me"
2-frog.eml,sky@hombresimba.com,Yes me,It's Me,"yes, me"
2-frog.eml,sun@capitalaccuracy.com,Yes me,It's Me,"yes, me"
2-frog.eml,team@biosobre.com,Yes me,It's Me,"yes, me"
2-frog.eml,contact@contact.mazguiti.com,Yes me,It's Me,"yes, me"
2-frog.eml,contact@contact.goldasin.net,Yes me,It's Me,"yes, me"
2-frog.eml,contact@contact.thecofimar.com,Yes me,It's Me,"yes, me"
2-frog.eml,contact@contact.tagerosa.net,Yes me,It's Me,"yes, me"
2-frog.eml,contact@contact.harpano.com,Yes me,It's Me,"yes, me"
2-frog.eml,contact@contact.besagres.com,Yes me,It's Me,"yes, me"
2-frog.eml,contact@contact.hulalateach.com,Yes me,It's Me,"yes, me"
2-frog.eml,contact@contact.saprayxon.net,Yes me,It's Me,"yes, me"
2-frog.eml,contact@contact.chipsnali.net,Yes me,It's Me,"yes, me"
2-frog.eml,contact@contact.biodisfruta.com,Yes me,It's Me,"yes, me"
2-frog.eml,contact@contact.thesalvora.com,Yes me,It's Me,"yes, me"
2-frog.eml,contact@contact.galdami.net,Yes me,It's Me,"yes, me"
2-frog.eml,contact@contact.okinawazones.net,Yes me,It's Me,"yes, me"
2-frog.eml,contact@contact.waqman.com,Yes me,It's Me,"yes, me"
2-frog.eml,contact@contact.mengananateam.net,Yes me,It's Me,"yes, me"
2-frog.eml,contact@contact.hombresimba.com,Yes me,It's Me,"yes, me"
2-frog.eml,contact@contact.capitalaccuracy.com,Yes me,It's Me,"yes, me"
2-frog.eml,contact@contact.biosobre.com,Yes me,It's Me,"yes, me"
2-frog.eml,info@info.mazguiti.com,Yes me,It's Me,"yes, me"
2-frog.eml,info@info.goldasin.net,Yes me,It's Me,"yes, me"
2-frog.eml,info@info.thecofimar.com,Yes me,It's Me,"yes, me"
2-frog.eml,info@info.tagerosa.net,Yes me,It's Me,"yes, me"
2-frog.eml,info@info.harpano.com,Yes me,It's Me,"yes, me"
2-frog.eml,info@info.besagres.com,Yes me,It's Me,"yes, me"
2-frog.eml,info@info.hulalateach.com,Yes me,It's Me,"yes, me"
2-frog.eml,info@info.saprayxon.net,Yes me,It's Me,"yes, me"
2-frog.eml,info@info.chipsnali.net,Yes me,It's Me,"yes, me"
2-frog.eml,info@info.biodisfruta.com,Yes me,It's Me,"yes, me"
2-frog.eml,info@info.thesalvora.com,Yes me,It's Me,"yes, me"
2-frog.eml,info@info.galdami.net,Yes me,It's Me,"yes, me"
2-frog.eml,info@info.okinawazones.net,Yes me,It's Me,"yes, me"
2-frog.eml,info@info.waqman.com,Yes me,It's Me,"yes, me"
2-frog.eml,info@info.mengananateam.net,Yes me,It's Me,"yes, me"
2-frog.eml,info@info.hombresimba.com,Yes me,It's Me,"yes, me"
2-frog.eml,info@info.capitalaccuracy.com,Yes me,It's Me,"yes, me"
2-frog.eml,info@info.biosobre.com,Yes me,It's Me,"yes, me"
2-frog.eml,tele@nokidolce.com,Yes me,It's Me,"yes, me"
2-frog.eml,sol@samsgabana.com,Yes me,It's Me,"yes, me"
2-frog.eml,return@danevache.com,Yes me,It's Me,"yes, me"
2-frog.eml,contacto@tacodunes.com,Yes me,It's Me,"yes, me"
2-frog.eml,email@medirisia.com,Yes me,It's Me,"yes, me"
2-frog.eml,check@calioteenz.com,Yes me,It's Me,"yes, me"
2-frog.eml,nani@buscalsol.com,Yes me,It's Me,"yes, me"
2-frog.eml,core@activiadan.com,Yes me,It's Me,"yes, me"
2-frog.eml,team@limbragui.net,Yes me,It's Me,"yes, me"
2-frog.eml,offer@bombiwhite.com,Yes me,It's Me,"yes, me"
2-frog.eml,toki@florvent.net,Yes me,It's Me,"yes, me"
2-frog.eml,ken@theherdez.net,Yes me,It's Me,"yes, me"
2-frog.eml,joy@nantorealcalvo.net,Yes me,It's Me,"yes, me"
2-frog.eml,fun@felixdorado.net,Yes me,It's Me,"yes, me"
2-frog.eml,able@catnegro.net,Yes me,It's Me,"yes, me"
2-frog.eml,flag@samelserio.net,Yes me,It's Me,"yes, me"
2-frog.eml,click@megasardinar.net,Yes me,It's Me,"yes, me"
2-frog.eml,sam@zigurrat.net,Yes me,It's Me,"yes, me"
2-frog.eml,puerto@sardinman.net,Yes me,It's Me,"yes, me"
2-frog.eml,contact@contact.nokidolce.com,Yes me,It's Me,"yes, me"
2-frog.eml,contact@contact.samsgabana.com,Yes me,It's Me,"yes, me"
2-frog.eml,contact@contact.danevache.com,Yes me,It's Me,"yes, me"
2-frog.eml,contact@contact.tacodunes.com,Yes me,It's Me,"yes, me"
2-frog.eml,contact@contact.medirisia.com,Yes me,It's Me,"yes, me"
2-frog.eml,contact@contact.calioteenz.com,Yes me,It's Me,"yes, me"
2-frog.eml,contact@contact.buscalsol.com,Yes me,It's Me,"yes, me"
2-frog.eml,contact@contact.activiadan.com,Yes me,It's Me,"yes, me"
2-frog.eml,contact@contact.limbragui.net,Yes me,It's Me,"yes, me"
2-frog.eml,contact@contact.bombiwhite.com,Yes me,It's Me,"yes, me"
2-frog.eml,contact@contact.florvent.net,Yes me,It's Me,"yes, me"
2-frog.eml,contact@contact.theherdez.net,Yes me,It's Me,"yes, me"
2-frog.eml,contact@contact.nantorealcalvo.net,Yes me,It's Me,"yes, me"
2-frog.eml,contact@contact.felixdorado.net,Yes me,It's Me,"yes, me"
2-frog.eml,contact@contact.catnegro.net,Yes me,It's Me,"yes, me"
2-frog.eml,contact@contact.samelserio.net,Yes me,It's Me,"yes, me"
2-frog.eml,contact@contact.megasardinar.net,Yes me,It's Me,"yes, me"
2-frog.eml,contact@contact.zigurrat.net,Yes me,It's Me,"yes, me"
2-frog.eml,contact@contact.sardinman.net,Yes me,It's Me,"yes, me"
2-frog.eml,info@info.nokidolce.com,Yes me,It's Me,"yes, me"
2-frog.eml,info@info.samsgabana.com,Yes me,It's Me,"yes, me"
2-frog.eml,info@info.danevache.com,Yes me,It's Me,"yes, me"
2-frog.eml,info@info.tacodunes.com,Yes me,It's Me,"yes, me"
2-frog.eml,info@info.medirisia.com,Yes me,It's Me,"yes, me"
2-frog.eml,info@info.calioteenz.com,Yes me,It's Me,"yes, me"
2-frog.eml,info@info.buscalsol.com,Yes me,It's Me,"yes, me"
2-frog.eml,info@info.activiadan.com,Yes me,It's Me,"yes, me"
2-frog.eml,info@info.limbragui.net,Yes me,It's Me,"yes, me"
2-frog.eml,info@info.bombiwhite.com,Yes me,It's Me,"yes, me"
2-frog.eml,info@info.florvent.net,Yes me,It's Me,"yes, me"
2-frog.eml,info@info.theherdez.net,Yes me,It's Me,"yes, me"
2-frog.eml,info@info.nantorealcalvo.net,Yes me,It's Me,"yes, me"
2-frog.eml,info@info.felixdorado.net,Yes me,It's Me,"yes, me"
2-frog.eml,info@info.catnegro.net,Yes me,It's Me,"yes, me"
2-frog.eml,info@info.samelserio.net,Yes me,It's Me,"yes, me"
2-frog.eml,info@info.megasardinar.net,Yes me,It's Me,"yes, me"
2-frog.eml,info@info.zigurrat.net,Yes me,It's Me,"yes, me"
2-frog.eml,info@info.sardinman.net,Yes me,It's Me,"yes, me"
2-frog.eml,email@floridaprimor.net,Yes me,It's Me,"yes, me"
2-frog.eml,contact@bestofground.com,Yes me,It's Me,"yes, me"
2-frog.eml,tele@capitalwag.com,Yes me,It's Me,"yes, me"
2-frog.eml,admin@carsvortex.com,Yes me,It's Me,"yes, me"
2-frog.eml,aero@clockweb.net,Yes me,It's Me,"yes, me"
2-frog.eml,vero@deeplightnow.net,Yes me,It's Me,"yes, me"
2-frog.eml,robin@differentcenter.net,Yes me,It's Me,"yes, me"
2-frog.eml,elite@fastgears.net,Yes me,It's Me,"yes, me"
2-frog.eml,great@giantspaces.net,Yes me,It's Me,"yes, me"
2-frog.eml,master@highspeedcars.net,Yes me,It's Me,"yes, me"
2-frog.eml,news@howtoshow.net,Yes me,It's Me,"yes, me"
2-frog.eml,control@maximump.com,Yes me,It's Me,"yes, me"
2-frog.eml,support@moonmountains.com,Yes me,It's Me,"yes, me"
2-frog.eml,post@penintime.com,Yes me,It's Me,"yes, me"
2-frog.eml,info@redefspace.com,Yes me,It's Me,"yes, me"
2-frog.eml,one@rosehouse.net,Yes me,It's Me,"yes, me"
2-frog.eml,jessica@simplyjust.net,Yes me,It's Me,"yes, me"
2-frog.eml,taylor@tundraft.com,Yes me,It's Me,"yes, me"
2-frog.eml,mail@voxtee.com,Yes me,It's Me,"yes, me"
2-frog.eml,primary@webhappyface.com,Yes me,It's Me,"yes, me"
2-frog.eml,contact@contact.floridaprimor.net,Yes me,It's Me,"yes, me"
2-frog.eml,contact@contact.bestofground.com,Yes me,It's Me,"yes, me"
2-frog.eml,contact@contact.capitalwag.com,Yes me,It's Me,"yes, me"
2-frog.eml,contact@contact.carsvortex.com,Yes me,It's Me,"yes, me"
2-frog.eml,contact@contact.clockweb.net,Yes me,It's Me,"yes, me"
2-frog.eml,contact@contact.deeplightnow.net,Yes me,It's Me,"yes, me"
2-frog.eml,contact@contact.differentcenter.net,Yes me,It's Me,"yes, me"
2-frog.eml,contact@contact.fastgears.net,Yes me,It's Me,"yes, me"
2-frog.eml,contact@contact.giantspaces.net,Yes me,It's Me,"yes, me"
2-frog.eml,contact@contact.highspeedcars.net,Yes me,It's Me,"yes, me"
2-frog.eml,contact@contact.howtoshow.net,Yes me,It's Me,"yes, me"
2-frog.eml,contact@contact.maximump.com,Yes me,It's Me,"yes, me"
2-frog.eml,contact@contact.moonmountains.com,Yes me,It's Me,"yes, me"
2-frog.eml,contact@contact.penintime.com,Yes me,It's Me,"yes, me"
2-frog.eml,contact@contact.redefspace.com,Yes me,It's Me,"yes, me"
2-frog.eml,contact@contact.rosehouse.net,Yes me,It's Me,"yes, me"
2-frog.eml,contact@contact.simplyjust.net,Yes me,It's Me,"yes, me"
2-frog.eml,contact@contact.tundraft.com,Yes me,It's Me,"yes, me"
2-frog.eml,contact@contact.voxtee.com,Yes me,It's Me,"yes, me"
2-frog.eml,contact@contact.webhappyface.com,Yes me,It's Me,"yes, me"
2-frog.eml,info@info.floridaprimor.net,Yes me,It's Me,"yes, me"
2-frog.eml,info@info.bestofground.com,Yes me,It's Me,"yes, me"
2-frog.eml,info@info.capitalwag.com,Yes me,It's Me,"yes, me"
2-frog.eml,info@info.carsvortex.com,Yes me,It's Me,"yes, me"
2-frog.eml,info@info.clockweb.net,Yes me,It's Me,"yes, me"
2-frog.eml,info@info.deeplightnow.net,Yes me,It's Me,"yes, me"
2-frog.eml,info@info.differentcenter.net,Yes me,It's Me,"yes, me"
2-frog.eml,info@info.fastgears.net,Yes me,It's Me,"yes, me"
2-frog.eml,info@info.giantspaces.net,Yes me,It's Me,"yes, me"
2-frog.eml,info@info.highspeedcars.net,Yes me,It's Me,"yes, me"
2-frog.eml,info@info.howtoshow.net,Yes me,It's Me,"yes, me"
2-frog.eml,info@info.maximump.com,Yes me,It's Me,"yes, me"
2-frog.eml,info@info.moonmountains.com,Yes me,It's Me,"yes, me"
2-frog.eml,info@info.penintime.com,Yes me,It's Me,"yes, me"
2-frog.eml,info@info.redefspace.com,Yes me,It's Me,"yes, me"
2-frog.eml,info@info.rosehouse.net,Yes me,It's Me,"yes, me"
2-frog.eml,info@info.simplyjust.net,Yes me,It's Me,"yes, me"
2-frog.eml,info@info.tundraft.com,Yes me,It's Me,"yes, me"
2-frog.eml,info@info.voxtee.com,Yes me,It's Me,"yes, me"
2-frog.eml,info@info.webhappyface.com,Yes me,It's Me,"yes, me"
2-frog.eml,from@skillevents.net,Yes me,It's Me,"yes, me"
2-frog.eml,pearle@financeyourlife.net,Yes me,It's Me,"yes, me"
2-frog.eml,will@precisiontail.net,Yes me,It's Me,"yes, me"
2-frog.eml,support@marketsbrain.net,Yes me,It's Me,"yes, me"
2-frog.eml,admin@successpath.net,Yes me,It's Me,"yes, me"
2-frog.eml,email@flippagoods.net,Yes me,It's Me,"yes, me"
2-frog.eml,voice@fishingways.net,Yes me,It's Me,"yes, me"
2-frog.eml,contact@thecapitalnomad.net,Yes me,It's Me,"yes, me"
2-frog.eml,user@thecapitalextreme.net,Yes me,It's Me,"yes, me"
2-frog.eml,rpl@breculanorth.com,Yes me,It's Me,"yes, me"
2-frog.eml,aero@colourfullmind.com,Yes me,It's Me,"yes, me"
2-frog.eml,tele@naturefallthoughts.com,Yes me,It's Me,"yes, me"
2-frog.eml,voice@beautieviews.com,Yes me,It's Me,"yes, me"
2-frog.eml,ned@warmarea.com,Yes me,It's Me,"yes, me"
2-frog.eml,team@blankpapper.com,Yes me,It's Me,"yes, me"
2-frog.eml,return@brightnessbox.com,Yes me,It's Me,"yes, me"
2-frog.eml,mail@shineknowledge.com,Yes me,It's Me,"yes, me"
2-frog.eml,service@pinkieframe.com,Yes me,It's Me,"yes, me"
2-frog.eml,contact@contact.skillevents.net,Yes me,It's Me,"yes, me"
2-frog.eml,contact@contact.financeyourlife.net,Yes me,It's Me,"yes, me"
2-frog.eml,contact@contact.precisiontail.net,Yes me,It's Me,"yes, me"
2-frog.eml,contact@contact.marketsbrain.net,Yes me,It's Me,"yes, me"
2-frog.eml,contact@contact.successpath.net,Yes me,It's Me,"yes, me"
2-frog.eml,contact@contact.flippagoods.net,Yes me,It's Me,"yes, me"
2-frog.eml,contact@contact.fishingways.net,Yes me,It's Me,"yes, me"
2-frog.eml,contact@contact.thecapitalnomad.net,Yes me,It's Me,"yes, me"
2-frog.eml,contact@contact.thecapitalextreme.net,Yes me,It's Me,"yes, me"
2-frog.eml,contact@contact.breculanorth.com,Yes me,It's Me,"yes, me"
2-frog.eml,contact@contact.colourfullmind.com,Yes me,It's Me,"yes, me"
2-frog.eml,contact@contact.naturefallthoughts.com,Yes me,It's Me,"yes, me"
2-frog.eml,contact@contact.beautieviews.com,Yes me,It's Me,"yes, me"
2-frog.eml,contact@contact.warmarea.com,Yes me,It's Me,"yes, me"
2-frog.eml,contact@contact.blankpapper.com,Yes me,It's Me,"yes, me"
2-frog.eml,contact@contact.brightnessbox.com,Yes me,It's Me,"yes, me"
2-frog.eml,contact@contact.shineknowledge.com,Yes me,It's Me,"yes, me"
2-frog.eml,contact@contact.pinkieframe.com,Yes me,It's Me,"yes, me"
2-frog.eml,info@info.skillevents.net,Yes me,It's Me,"yes, me"
2-frog.eml,info@info.financeyourlife.net,Yes me,It's Me,"yes, me"
2-frog.eml,info@info.precisiontail.net,Yes me,It's Me,"yes, me"
2-frog.eml,info@info.marketsbrain.net,Yes me,It's Me,"yes, me"
2-frog.eml,info@info.successpath.net,Yes me,It's Me,"yes, me"
2-frog.eml,info@info.flippagoods.net,Yes me,It's Me,"yes, me"
2-frog.eml,info@info.fishingways.net,Yes me,It's Me,"yes, me"
2-frog.eml,info@info.thecapitalnomad.net,Yes me,It's Me,"yes, me"
2-frog.eml,info@info.thecapitalextreme.net,Yes me,It's Me,"yes, me"
2-frog.eml,info@info.breculanorth.com,Yes me,It's Me,"yes, me"
2-frog.eml,info@info.colourfullmind.com,Yes me,It's Me,"yes, me"
2-frog.eml,info@info.naturefallthoughts.com,Yes me,It's Me,"yes, me"
2-frog.eml,info@info.beautieviews.com,Yes me,It's Me,"yes, me"
2-frog.eml,info@info.warmarea.com,Yes me,It's Me,"yes, me"
2-frog.eml,info@info.blankpapper.com,Yes me,It's Me,"yes, me"
2-frog.eml,info@info.brightnessbox.com,Yes me,It's Me,"yes, me"
2-frog.eml,info@info.shineknowledge.com,Yes me,It's Me,"yes, me"
2-frog.eml,info@info.pinkieframe.com,Yes me,It's Me,"yes, me"
2-frog.eml,email@acubay.net,Yes me,It's Me,"yes, me"
2-frog.eml,from@icesumo.net,Yes me,It's Me,"yes, me"
2-frog.eml,spec@clickforbes.net,Yes me,It's Me,"yes, me"
2-frog.eml,offer@wiselax.net,Yes me,It's Me,"yes, me"
2-frog.eml,rpl@brainfullwise.net,Yes me,It's Me,"yes, me"
2-frog.eml,mail@woneod.net,Yes me,It's Me,"yes, me"
2-frog.eml,info@pewds.net,Yes me,It's Me,"yes, me"
2-frog.eml,reply@itumpy.net,Yes me,It's Me,"yes, me"
2-frog.eml,nice@keelboat.net,Yes me,It's Me,"yes, me"
2-frog.eml,amanda@azydeco.net,Yes me,It's Me,"yes, me"
2-frog.eml,rto@siegee.com,Yes me,It's Me,"yes, me"
2-frog.eml,contacto@tamenfo.com,Yes me,It's Me,"yes, me"
2-frog.eml,support@corrage.com,Yes me,It's Me,"yes, me"
2-frog.eml,cor@sedopar.com,Yes me,It's Me,"yes, me"
2-frog.eml,tele@kickcarafe.com,Yes me,It's Me,"yes, me"
2-frog.eml,check@thinduvet.com,Yes me,It's Me,"yes, me"
2-frog.eml,mailer@xpuffer.com,Yes me,It's Me,"yes, me"
2-frog.eml,return@sindium.com,Yes me,It's Me,"yes, me"
2-frog.eml,admin@tyuete.com,Yes me,It's Me,"yes, me"
2-frog.eml,main@undersealite.com,Yes me,It's Me,"yes, me"
2-frog.eml,contact@contact.acubay.net,Yes me,It's Me,"yes, me"
2-frog.eml,contact@contact.icesumo.net,Yes me,It's Me,"yes, me"
2-frog.eml,contact@contact.clickforbes.net,Yes me,It's Me,"yes, me"
2-frog.eml,contact@contact.wiselax.net,Yes me,It's Me,"yes, me"
2-frog.eml,contact@contact.brainfullwise.net,Yes me,It's Me,"yes, me"
2-frog.eml,contact@contact.woneod.net,Yes me,It's Me,"yes, me"
2-frog.eml,contact@contact.pewds.net,Yes me,It's Me,"yes, me"
2-frog.eml,contact@contact.itumpy.net,Yes me,It's Me,"yes, me"
2-frog.eml,contact@contact.keelboat.net,Yes me,It's Me,"yes, me"
2-frog.eml,contact@contact.azydeco.net,Yes me,It's Me,"yes, me"
2-frog.eml,contact@contact.siegee.com,Yes me,It's Me,"yes, me"
2-frog.eml,contact@contact.tamenfo.com,Yes me,It's Me,"yes, me"
2-frog.eml,contact@contact.corrage.com,Yes me,It's Me,"yes, me"
2-frog.eml,contact@contact.sedopar.com,Yes me,It's Me,"yes, me"
2-frog.eml,contact@contact.kickcarafe.com,Yes me,It's Me,"yes, me"
2-frog.eml,contact@contact.thinduvet.com,Yes me,It's Me,"yes, me"
2-frog.eml,contact@contact.xpuffer.com,Yes me,It's Me,"yes, me"
2-frog.eml,contact@contact.sindium.com,Yes me,It's Me,"yes, me"
2-frog.eml,contact@contact.tyuete.com,Yes me,It's Me,"yes, me"
2-frog.eml,contact@contact.undersealite.com,Yes me,It's Me,"yes, me"
2-frog.eml,info@info.acubay.net,Yes me,It's Me,"yes, me"
2-frog.eml,info@info.icesumo.net,Yes me,It's Me,"yes, me"
2-frog.eml,info@info.clickforbes.net,Yes me,It's Me,"yes, me"
2-frog.eml,info@info.wiselax.net,Yes me,It's Me,"yes, me"
2-frog.eml,info@info.brainfullwise.net,Yes me,It's Me,"yes, me"
2-frog.eml,info@info.woneod.net,Yes me,It's Me,"yes, me"
2-frog.eml,info@info.pewds.net,Yes me,It's Me,"yes, me"
2-frog.eml,info@info.itumpy.net,Yes me,It's Me,"yes, me"
2-frog.eml,info@info.keelboat.net,Yes me,It's Me,"yes, me"
2-frog.eml,info@info.azydeco.net,Yes me,It's Me,"yes, me"
2-frog.eml,info@info.siegee.com,Yes me,It's Me,"yes, me"
2-frog.eml,info@info.tamenfo.com,Yes me,It's Me,"yes, me"
2-frog.eml,info@info.corrage.com,Yes me,It's Me,"yes, me"
2-frog.eml,info@info.sedopar.com,Yes me,It's Me,"yes, me"
2-frog.eml,info@info.kickcarafe.com,Yes me,It's Me,"yes, me"
2-frog.eml,info@info.thinduvet.com,Yes me,It's Me,"yes, me"
2-frog.eml,info@info.xpuffer.com,Yes me,It's Me,"yes, me"
2-frog.eml,info@info.sindium.com,Yes me,It's Me,"yes, me"
2-frog.eml,info@info.tyuete.com,Yes me,It's Me,"yes, me"
2-frog.eml,info@info.undersealite.com,Yes me,It's Me,"yes, me"
2-frog.eml,mail@bestanu.com,Yes me,It's Me,"yes, me"
2-frog.eml,email@softloss.com,Yes me,It's Me,"yes, me"
2-frog.eml,rpl@hidenes.com,Yes me,It's Me,"yes, me"
2-frog.eml,tele@birdmile.com,Yes me,It's Me,"yes, me"
2-frog.eml,jimmy@dailyton.com,Yes me,It's Me,"yes, me"
2-frog.eml,med@gohantime.com,Yes me,It's Me,"yes, me"
2-frog.eml,from@logicrose.com,Yes me,It's Me,"yes, me"
2-frog.eml,info@agepirade.com,Yes me,It's Me,"yes, me"
2-frog.eml,reply@masadore.com,Yes me,It's Me,"yes, me"
2-frog.eml,admin@greedolando.com,Yes me,It's Me,"yes, me"
2-frog.eml,return@famousic.net,Yes me,It's Me,"yes, me"
2-frog.eml,spec@claypan.net,Yes me,It's Me,"yes, me"
2-frog.eml,pew@bingoban.net,Yes me,It's Me,"yes, me"
2-frog.eml,amanda@facopedia.net,Yes me,It's Me,"yes, me"
2-frog.eml,cor@faceram.net,Yes me,It's Me,"yes, me"
2-frog.eml,check@mynotice.net,Yes me,It's Me,"yes, me"
2-frog.eml,me@justmind.net,Yes me,It's Me,"yes, me"
2-frog.eml,main@linkcover.net,Yes me,It's Me,"yes, me"
2-frog.eml,aero@hitprime.net,Yes me,It's Me,"yes, me"
2-frog.eml,hinka@sightside.net,Yes me,It's Me,"yes, me"
2-frog.eml,contact@contact.bestanu.com,Yes me,It's Me,"yes, me"
2-frog.eml,contact@contact.softloss.com,Yes me,It's Me,"yes, me"
2-frog.eml,contact@contact.hidenes.com,Yes me,It's Me,"yes, me"
2-frog.eml,contact@contact.birdmile.com,Yes me,It's Me,"yes, me"
2-frog.eml,contact@contact.dailyton.com,Yes me,It's Me,"yes, me"
2-frog.eml,contact@contact.gohantime.com,Yes me,It's Me,"yes, me"
2-frog.eml,contact@contact.logicrose.com,Yes me,It's Me,"yes, me"
2-frog.eml,contact@contact.agepirade.com,Yes me,It's Me,"yes, me"
2-frog.eml,contact@contact.masadore.com,Yes me,It's Me,"yes, me"
2-frog.eml,contact@contact.greedolando.com,Yes me,It's Me,"yes, me"
2-frog.eml,contact@contact.famousic.net,Yes me,It's Me,"yes, me"
2-frog.eml,contact@contact.claypan.net,Yes me,It's Me,"yes, me"
2-frog.eml,contact@contact.bingoban.net,Yes me,It's Me,"yes, me"
2-frog.eml,contact@contact.facopedia.net,Yes me,It's Me,"yes, me"
2-frog.eml,contact@contact.faceram.net,Yes me,It's Me,"yes, me"
2-frog.eml,contact@contact.mynotice.net,Yes me,It's Me,"yes, me"
2-frog.eml,contact@contact.justmind.net,Yes me,It's Me,"yes, me"
2-frog.eml,contact@contact.linkcover.net,Yes me,It's Me,"yes, me"
2-frog.eml,contact@contact.hitprime.net,Yes me,It's Me,"yes, me"
2-frog.eml,contact@contact.sightside.net,Yes me,It's Me,"yes, me"
2-frog.eml,info@info.bestanu.com,Yes me,It's Me,"yes, me"
2-frog.eml,info@info.softloss.com,Yes me,It's Me,"yes, me"
2-frog.eml,info@info.hidenes.com,Yes me,It's Me,"yes, me"
2-frog.eml,info@info.birdmile.com,Yes me,It's Me,"yes, me"
2-frog.eml,info@info.dailyton.com,Yes me,It's Me,"yes, me"
2-frog.eml,info@info.gohantime.com,Yes me,It's Me,"yes, me"
2-frog.eml,info@info.logicrose.com,Yes me,It's Me,"yes, me"
2-frog.eml,info@info.agepirade.com,Yes me,It's Me,"yes, me"
2-frog.eml,info@info.masadore.com,Yes me,It's Me,"yes, me"
2-frog.eml,info@info.greedolando.com,Yes me,It's Me,"yes, me"
2-frog.eml,info@info.famousic.net,Yes me,It's Me,"yes, me"
2-frog.eml,info@info.claypan.net,Yes me,It's Me,"yes, me"
2-frog.eml,info@info.bingoban.net,Yes me,It's Me,"yes, me"
2-frog.eml,info@info.facopedia.net,Yes me,It's Me,"yes, me"
2-frog.eml,info@info.faceram.net,Yes me,It's Me,"yes, me"
2-frog.eml,info@info.mynotice.net,Yes me,It's Me,"yes, me"
2-frog.eml,info@info.justmind.net,Yes me,It's Me,"yes, me"
2-frog.eml,info@info.linkcover.net,Yes me,It's Me,"yes, me"
2-frog.eml,info@info.hitprime.net,Yes me,It's Me,"yes, me"
2-frog.eml,info@info.sightside.net,Yes me,It's Me,"yes, me"
2-frog.eml,support@teddfod.cn.com,Yes me,It's Me,"yes, me"
2-frog.eml,support@morozone.cn.com,Yes me,It's Me,"yes, me"
2-frog.eml,support@othesis.cn.com,Yes me,It's Me,"yes, me"
2-frog.eml,support@withophy.br.com,Yes me,It's Me,"yes, me"
2-frog.eml,support@mainly.de.com,Yes me,It's Me,"yes, me"
2-frog.eml,support@nauplify.de.com,Yes me,It's Me,"yes, me"
2-frog.eml,support@resouri.de.com,Yes me,It's Me,"yes, me"
2-frog.eml,support@presistan.uk.com,Yes me,It's Me,"yes, me"
2-frog.eml,support@verwock.uk.com,Yes me,It's Me,"yes, me"
2-frog.eml,support@canalyzing.uk.com,Yes me,It's Me,"yes, me"
2-frog.eml,support@sardose.us.org,Yes me,It's Me,"yes, me"
2-frog.eml,support@britical.us.org,Yes me,It's Me,"yes, me"
2-frog.eml,support@utilak.us.org,Yes me,It's Me,"yes, me"
2-frog.eml,support@pecules.us.com,Yes me,It's Me,"yes, me"
2-frog.eml,support@flatska.us.com,Yes me,It's Me,"yes, me"
2-frog.eml,support@bouncil.us.com,Yes me,It's Me,"yes, me"
2-frog.eml,contact@contact.teddfod.cn.com,Yes me,It's Me,"yes, me"
2-frog.eml,contact@contact.morozone.cn.com,Yes me,It's Me,"yes, me"
2-frog.eml,contact@contact.othesis.cn.com,Yes me,It's Me,"yes, me"
2-frog.eml,contact@contact.withophy.br.com,Yes me,It's Me,"yes, me"
2-frog.eml,contact@contact.mainly.de.com,Yes me,It's Me,"yes, me"
2-frog.eml,contact@contact.nauplify.de.com,Yes me,It's Me,"yes, me"
2-frog.eml,contact@contact.resouri.de.com,Yes me,It's Me,"yes, me"
2-frog.eml,contact@contact.presistan.uk.com,Yes me,It's Me,"yes, me"
2-frog.eml,contact@contact.verwock.uk.com,Yes me,It's Me,"yes, me"
2-frog.eml,contact@contact.canalyzing.uk.com,Yes me,It's Me,"yes, me"
2-frog.eml,contact@contact.sardose.us.org,Yes me,It's Me,"yes, me"
2-frog.eml,contact@contact.britical.us.org,Yes me,It's Me,"yes, me"
2-frog.eml,contact@contact.utilak.us.org,Yes me,It's Me,"yes, me"
2-frog.eml,contact@contact.pecules.us.com,Yes me,It's Me,"yes, me"
2-frog.eml,contact@contact.flatska.us.com,Yes me,It's Me,"yes, me"
2-frog.eml,contact@contact.bouncil.us.com,Yes me,It's Me,"yes, me"
2-frog.eml,info@info.teddfod.cn.com,Yes me,It's Me,"yes, me"
2-frog.eml,info@info.morozone.cn.com,Yes me,It's Me,"yes, me"
2-frog.eml,info@info.othesis.cn.com,Yes me,It's Me,"yes, me"
2-frog.eml,info@info.withophy.br.com,Yes me,It's Me,"yes, me"
2-frog.eml,info@info.mainly.de.com,Yes me,It's Me,"yes, me"
2-frog.eml,info@info.nauplify.de.com,Yes me,It's Me,"yes, me"
2-frog.eml,info@info.resouri.de.com,Yes me,It's Me,"yes, me"
2-frog.eml,info@info.presistan.uk.com,Yes me,It's Me,"yes, me"
2-frog.eml,info@info.verwock.uk.com,Yes me,It's Me,"yes, me"
2-frog.eml,info@info.canalyzing.uk.com,Yes me,It's Me,"yes, me"
2-frog.eml,info@info.sardose.us.org,Yes me,It's Me,"yes, me"
2-frog.eml,info@info.britical.us.org,Yes me,It's Me,"yes, me"
2-frog.eml,info@info.utilak.us.org,Yes me,It's Me,"yes, me"
2-frog.eml,info@info.pecules.us.com,Yes me,It's Me,"yes, me"
2-frog.eml,info@info.flatska.us.com,Yes me,It's Me,"yes, me"
2-frog.eml,info@info.bouncil.us.com,Yes me,It's Me,"yes, me"
2-frog.eml,support@mysocialtab.com,Yes me,It's Me,"yes, me"
2-frog.eml,support@indiaecommercebrief.com,Yes me,It's Me,"yes, me"
2-frog.eml,support@ikramedia.web.id,Yes me,It's Me,"yes, me"
2-frog.eml,support@tradetab.io,Yes me,It's Me,"yes, me"
2-frog.eml,support@cirugiagenital.com.mx,Yes me,It's Me,"yes, me"
2-frog.eml,contact@contact.mysocialtab.com,Yes me,It's Me,"yes, me"
2-frog.eml,contact@contact.indiaecommercebrief.com,Yes me,It's Me,"yes, me"
2-frog.eml,contact@contact.ikramedia.web.id,Yes me,It's Me,"yes, me"
2-frog.eml,contact@contact.tradetab.io,Yes me,It's Me,"yes, me"
2-frog.eml,contact@contact.cirugiagenital.com.mx,Yes me,It's Me,"yes, me"
2-frog.eml,info@info.mysocialtab.com,Yes me,It's Me,"yes, me"
2-frog.eml,info@info.indiaecommercebrief.com,Yes me,It's Me,"yes, me"
2-frog.eml,info@info.ikramedia.web.id,Yes me,It's Me,"yes, me"
2-frog.eml,info@info.tradetab.io,Yes me,It's Me,"yes, me"
2-frog.eml,info@info.cirugiagenital.com.mx,Yes me,It's Me,"yes, me"
3-focus-electron.eml,all@yupfamilly.org.uk,Yes me,It's Me,"yes, me"
3-focus-electron.eml,all@valuegreatness.co.uk,Yes me,It's Me,"yes, me"
3-focus-electron.eml,bag@mazguiti.com,Yes me,It's Me,"yes, me"
3-focus-electron.eml,biner@goldasin.net,Yes me,It's Me,"yes, me"
3-focus-electron.eml,city@thecofimar.com,Yes me,It's Me,"yes, me"
3-focus-electron.eml,contact@tagerosa.net,Yes me,It's Me,"yes, me"
3-focus-electron.eml,fox@harpano.com,Yes me,It's Me,"yes, me"
3-focus-electron.eml,info@besagres.com,Yes me,It's Me,"yes, me"
3-focus-electron.eml,mail@hulalateach.com,Yes me,It's Me,"yes, me"
3-focus-electron.eml,news@saprayxon.net,Yes me,It's Me,"yes, me"
3-focus-electron.eml,offre@chipsnali.net,Yes me,It's Me,"yes, me"
3-focus-electron.eml,open@biodisfruta.com,Yes me,It's Me,"yes, me"
3-focus-electron.eml,port@thesalvora.com,Yes me,It's Me,"yes, me"
3-focus-electron.eml,reply@galdami.net,Yes me,It's Me,"yes, me"
3-focus-electron.eml,rex@okinawazones.net,Yes me,It's Me,"yes, me"
3-focus-electron.eml,rpl@waqman.com,Yes me,It's Me,"yes, me"
3-focus-electron.eml,send@mengananateam.net,Yes me,It's Me,"yes, me"
3-focus-electron.eml,sky@hombresimba.com,Yes me,It's Me,"yes, me"
3-focus-electron.eml,sun@capitalaccuracy.com,Yes me,It's Me,"yes, me"
3-focus-electron.eml,team@biosobre.com,Yes me,It's Me,"yes, me"
3-focus-electron.eml,contact@contact.mazguiti.com,Yes me,It's Me,"yes, me"
3-focus-electron.eml,contact@contact.goldasin.net,Yes me,It's Me,"yes, me"
3-focus-electron.eml,contact@contact.thecofimar.com,Yes me,It's Me,"yes, me"
3-focus-electron.eml,contact@contact.tagerosa.net,Yes me,It's Me,"yes, me"
3-focus-electron.eml,contact@contact.harpano.com,Yes me,It's Me,"yes, me"
3-focus-electron.eml,contact@contact.besagres.com,Yes me,It's Me,"yes, me"
3-focus-electron.eml,contact@contact.hulalateach.com,Yes me,It's Me,"yes, me"
3-focus-electron.eml,contact@contact.saprayxon.net,Yes me,It's Me,"yes, me"
3-focus-electron.eml,contact@contact.chipsnali.net,Yes me,It's Me,"yes, me"
3-focus-electron.eml,contact@contact.biodisfruta.com,Yes me,It's Me,"yes, me"
3-focus-electron.eml,contact@contact.thesalvora.com,Yes me,It's Me,"yes, me"
3-focus-electron.eml,contact@contact.galdami.net,Yes me,It's Me,"yes, me"
3-focus-electron.eml,contact@contact.okinawazones.net,Yes me,It's Me,"yes, me"
3-focus-electron.eml,contact@contact.waqman.com,Yes me,It's Me,"yes, me"
3-focus-electron.eml,contact@contact.mengananateam.net,Yes me,It's Me,"yes, me"
3-focus-electron.eml,contact@contact.hombresimba.com,Yes me,It's Me,"yes, me"
3-focus-electron.eml,contact@contact.capitalaccuracy.com,Yes me,It's Me,"yes, me"
3-focus-electron.eml,contact@contact.biosobre.com,Yes me,It's Me,"yes, me"
3-focus-electron.eml,info@info.mazguiti.com,Yes me,It's Me,"yes, me"
3-focus-electron.eml,info@info.goldasin.net,Yes me,It's Me,"yes, me"
3-focus-electron.eml,info@info.thecofimar.com,Yes me,It's Me,"yes, me"
3-focus-electron.eml,info@info.tagerosa.net,Yes me,It's Me,"yes, me"
3-focus-electron.eml,info@info.harpano.com,Yes me,It's Me,"yes, me"
3-focus-electron.eml,info@info.besagres.com,Yes me,It's Me,"yes, me"
3-focus-electron.eml,info@info.hulalateach.com,Yes me,It's Me,"yes, me"
3-focus-electron.eml,info@info.saprayxon.net,Yes me,It's Me,"yes, me"
3-focus-electron.eml,info@info.chipsnali.net,Yes me,It's Me,"yes, me"
3-focus-electron.eml,info@info.biodisfruta.com,Yes me,It's Me,"yes, me"
3-focus-electron.eml,info@info.thesalvora.com,Yes me,It's Me,"yes, me"
3-focus-electron.eml,info@info.galdami.net,Yes me,It's Me,"yes, me"
3-focus-electron.eml,info@info.okinawazones.net,Yes me,It's Me,"yes, me"
3-focus-electron.eml,info@info.waqman.com,Yes me,It's Me,"yes, me"
3-focus-electron.eml,info@info.mengananateam.net,Yes me,It's Me,"yes, me"
3-focus-electron.eml,info@info.hombresimba.com,Yes me,It's Me,"yes, me"
3-focus-electron.eml,info@info.capitalaccuracy.com,Yes me,It's Me,"yes, me"
3-focus-electron.eml,info@info.biosobre.com,Yes me,It's Me,"yes, me"
3-focus-electron.eml,tele@nokidolce.com,Yes me,It's Me,"yes, me"
3-focus-electron.eml,sol@samsgabana.com,Yes me,It's Me,"yes, me"
3-focus-electron.eml,return@danevache.com,Yes me,It's Me,"yes, me"
3-focus-electron.eml,contacto@tacodunes.com,Yes me,It's Me,"yes, me"
3-focus-electron.eml,email@medirisia.com,Yes me,It's Me,"yes, me"
3-focus-electron.eml,check@calioteenz.com,Yes me,It's Me,"yes, me"
3-focus-electron.eml,nani@buscalsol.com,Yes me,It's Me,"yes, me"
3-focus-electron.eml,core@activiadan.com,Yes me,It's Me,"yes, me"
3-focus-electron.eml,team@limbragui.net,Yes me,It's Me,"yes, me"
3-focus-electron.eml,offer@bombiwhite.com,Yes me,It's Me,"yes, me"
3-focus-electron.eml,toki@florvent.net,Yes me,It's Me,"yes, me"
3-focus-electron.eml,ken@theherdez.net,Yes me,It's Me,"yes, me"
3-focus-electron.eml,joy@nantorealcalvo.net,Yes me,It's Me,"yes, me"
3-focus-electron.eml,fun@felixdorado.net,Yes me,It's Me,"yes, me"
3-focus-electron.eml,able@catnegro.net,Yes me,It's Me,"yes, me"
3-focus-electron.eml,flag@samelserio.net,Yes me,It's Me,"yes, me"
3-focus-electron.eml,click@megasardinar.net,Yes me,It's Me,"yes, me"
3-focus-electron.eml,sam@zigurrat.net,Yes me,It's Me,"yes, me"
3-focus-electron.eml,puerto@sardinman.net,Yes me,It's Me,"yes, me"
3-focus-electron.eml,contact@contact.nokidolce.com,Yes me,It's Me,"yes, me"
3-focus-electron.eml,contact@contact.samsgabana.com,Yes me,It's Me,"yes, me"
3-focus-electron.eml,contact@contact.danevache.com,Yes me,It's Me,"yes, me"
3-focus-electron.eml,contact@contact.tacodunes.com,Yes me,It's Me,"yes, me"
3-focus-electron.eml,contact@contact.medirisia.com,Yes me,It's Me,"yes, me"
3-focus-electron.eml,contact@contact.calioteenz.com,Yes me,It's Me,"yes, me"
3-focus-electron.eml,contact@contact.buscalsol.com,Yes me,It's Me,"yes, me"
3-focus-electron.eml,contact@contact.activiadan.com,Yes me,It's Me,"yes, me"
3-focus-electron.eml,contact@contact.limbragui.net,Yes me,It's Me,"yes, me"
3-focus-electron.eml,contact@contact.bombiwhite.com,Yes me,It's Me,"yes, me"
3-focus-electron.eml,contact@contact.florvent.net,Yes me,It's Me,"yes, me"
3-focus-electron.eml,contact@contact.theherdez.net,Yes me,It's Me,"yes, me"
3-focus-electron.eml,contact@contact.nantorealcalvo.net,Yes me,It's Me,"yes, me"
3-focus-electron.eml,contact@contact.felixdorado.net,Yes me,It's Me,"yes, me"
3-focus-electron.eml,contact@contact.catnegro.net,Yes me,It's Me,"yes, me"
3-focus-electron.eml,contact@contact.samelserio.net,Yes me,It's Me,"yes, me"
3-focus-electron.eml,contact@contact.megasardinar.net,Yes me,It's Me,"yes, me"
3-focus-electron.eml,contact@contact.zigurrat.net,Yes me,It's Me,"yes, me"
3-focus-electron.eml,contact@contact.sardinman.net,Yes me,It's Me,"yes, me"
3-focus-electron.eml,info@info.nokidolce.com,Yes me,It's Me,"yes, me"
3-focus-electron.eml,info@info.samsgabana.com,Yes me,It's Me,"yes, me"
3-focus-electron.eml,info@info.danevache.com,Yes me,It's Me,"yes, me"
3-focus-electron.eml,info@info.tacodunes.com,Yes me,It's Me,"yes, me"
3-focus-electron.eml,info@info.medirisia.com,Yes me,It's Me,"yes, me"
3-focus-electron.eml,info@info.calioteenz.com,Yes me,It's Me,"yes, me"
3-focus-electron.eml,info@info.buscalsol.com,Yes me,It's Me,"yes, me"
3-focus-electron.eml,info@info.activiadan.com,Yes me,It's Me,"yes, me"
3-focus-electron.eml,info@info.limbragui.net,Yes me,It's Me,"yes, me"
3-focus-electron.eml,info@info.bombiwhite.com,Yes me,It's Me,"yes, me"
3-focus-electron.eml,info@info.florvent.net,Yes me,It's Me,"yes, me"
3-focus-electron.eml,info@info.theherdez.net,Yes me,It's Me,"yes, me"
3-focus-electron.eml,info@info.nantorealcalvo.net,Yes me,It's Me,"yes, me"
3-focus-electron.eml,info@info.felixdorado.net,Yes me,It's Me,"yes, me"
3-focus-electron.eml,info@info.catnegro.net,Yes me,It's Me,"yes, me"
3-focus-electron.eml,info@info.samelserio.net,Yes me,It's Me,"yes, me"
3-focus-electron.eml,info@info.megasardinar.net,Yes me,It's Me,"yes, me"
3-focus-electron.eml,info@info.zigurrat.net,Yes me,It's Me,"yes, me"
3-focus-electron.eml,info@info.sardinman.net,Yes me,It's Me,"yes, me"
3-focus-electron.eml,email@floridaprimor.net,Yes me,It's Me,"yes, me"
3-focus-electron.eml,contact@bestofground.com,Yes me,It's Me,"yes, me"
3-focus-electron.eml,tele@capitalwag.com,Yes me,It's Me,"yes, me"
3-focus-electron.eml,admin@carsvortex.com,Yes me,It's Me,"yes, me"
3-focus-electron.eml,aero@clockweb.net,Yes me,It's Me,"yes, me"
3-focus-electron.eml,vero@deeplightnow.net,Yes me,It's Me,"yes, me"
3-focus-electron.eml,robin@differentcenter.net,Yes me,It's Me,"yes, me"
3-focus-electron.eml,elite@fastgears.net,Yes me,It's Me,"yes, me"
3-focus-electron.eml,great@giantspaces.net,Yes me,It's Me,"yes, me"
3-focus-electron.eml,master@highspeedcars.net,Yes me,It's Me,"yes, me"
3-focus-electron.eml,news@howtoshow.net,Yes me,It's Me,"yes, me"
3-focus-electron.eml,control@maximump.com,Yes me,It's Me,"yes, me"
3-focus-electron.eml,support@moonmountains.com,Yes me,It's Me,"yes, me"
3-focus-electron.eml,post@penintime.com,Yes me,It's Me,"yes, me"
3-focus-electron.eml,info@redefspace.com,Yes me,It's Me,"yes, me"
3-focus-electron.eml,one@rosehouse.net,Yes me,It's Me,"yes, me"
3-focus-electron.eml,jessica@simplyjust.net,Yes me,It's Me,"yes, me"
3-focus-electron.eml,taylor@tundraft.com,Yes me,It's Me,"yes, me"
3-focus-electron.eml,mail@voxtee.com,Yes me,It's Me,"yes, me"
3-focus-electron.eml,primary@webhappyface.com,Yes me,It's Me,"yes, me"
3-focus-electron.eml,contact@contact.floridaprimor.net,Yes me,It's Me,"yes, me"
3-focus-electron.eml,contact@contact.bestofground.com,Yes me,It's Me,"yes, me"
3-focus-electron.eml,contact@contact.capitalwag.com,Yes me,It's Me,"yes, me"
3-focus-electron.eml,contact@contact.carsvortex.com,Yes me,It's Me,"yes, me"
3-focus-electron.eml,contact@contact.clockweb.net,Yes me,It's Me,"yes, me"
3-focus-electron.eml,contact@contact.deeplightnow.net,Yes me,It's Me,"yes, me"
3-focus-electron.eml,contact@contact.differentcenter.net,Yes me,It's Me,"yes, me"
3-focus-electron.eml,contact@contact.fastgears.net,Yes me,It's Me,"yes, me"
3-focus-electron.eml,contact@contact.giantspaces.net,Yes me,It's Me,"yes, me"
3-focus-electron.eml,contact@contact.highspeedcars.net,Yes me,It's Me,"yes, me"
3-focus-electron.eml,contact@contact.howtoshow.net,Yes me,It's Me,"yes, me"
3-focus-electron.eml,contact@contact.maximump.com,Yes me,It's Me,"yes, me"
3-focus-electron.eml,contact@contact.moonmountains.com,Yes me,It's Me,"yes, me"
3-focus-electron.eml,contact@contact.penintime.com,Yes me,It's Me,"yes, me"
3-focus-electron.eml,contact@contact.redefspace.com,Yes me,It's Me,"yes, me"
3-focus-electron.eml,contact@contact.rosehouse.net,Yes me,It's Me,"yes, me"
3-focus-electron.eml,contact@contact.simplyjust.net,Yes me,It's Me,"yes, me"
3-focus-electron.eml,contact@contact.tundraft.com,Yes me,It's Me,"yes, me"
3-focus-electron.eml,contact@contact.voxtee.com,Yes me,It's Me,"yes, me"
3-focus-electron.eml,contact@contact.webhappyface.com,Yes me,It's Me,"yes, me"
3-focus-electron.eml,info@info.floridaprimor.net,Yes me,It's Me,"yes, me"
3-focus-electron.eml,info@info.bestofground.com,Yes me,It's Me,"yes, me"
3-focus-electron.eml,info@info.capitalwag.com,Yes me,It's Me,"yes, me"
3-focus-electron.eml,info@info.carsvortex.com,Yes me,It's Me,"yes, me"
3-focus-electron.eml,info@info.clockweb.net,Yes me,It's Me,"yes, me"
3-focus-electron.eml,info@info.deeplightnow.net,Yes me,It's Me,"yes, me"
3-focus-electron.eml,info@info.differentcenter.net,Yes me,It's Me,"yes, me"
3-focus-electron.eml,info@info.fastgears.net,Yes me,It's Me,"yes, me"
3-focus-electron.eml,info@info.giantspaces.net,Yes me,It's Me,"yes, me"
3-focus-electron.eml,info@info.highspeedcars.net,Yes me,It's Me,"yes, me"
3-focus-electron.eml,info@info.howtoshow.net,Yes me,It's Me,"yes, me"
3-focus-electron.eml,info@info.maximump.com,Yes me,It's Me,"yes, me"
3-focus-electron.eml,info@info.moonmountains.com,Yes me,It's Me,"yes, me"
3-focus-electron.eml,info@info.penintime.com,Yes me,It's Me,"yes, me"
3-focus-electron.eml,info@info.redefspace.com,Yes me,It's Me,"yes, me"
3-focus-electron.eml,info@info.rosehouse.net,Yes me,It's Me,"yes, me"
3-focus-electron.eml,info@info.simplyjust.net,Yes me,It's Me,"yes, me"
3-focus-electron.eml,info@info.tundraft.com,Yes me,It's Me,"yes, me"
3-focus-electron.eml,info@info.voxtee.com,Yes me,It's Me,"yes, me"
3-focus-electron.eml,info@info.webhappyface.com,Yes me,It's Me,"yes, me"
3-focus-electron.eml,from@skillevents.net,Yes me,It's Me,"yes, me"
3-focus-electron.eml,pearle@financeyourlife.net,Yes me,It's Me,"yes, me"
3-focus-electron.eml,will@precisiontail.net,Yes me,It's Me,"yes, me"
3-focus-electron.eml,support@marketsbrain.net,Yes me,It's Me,"yes, me"
3-focus-electron.eml,admin@successpath.net,Yes me,It's Me,"yes, me"
3-focus-electron.eml,email@flippagoods.net,Yes me,It's Me,"yes, me"
3-focus-electron.eml,voice@fishingways.net,Yes me,It's Me,"yes, me"
3-focus-electron.eml,contact@thecapitalnomad.net,Yes me,It's Me,"yes, me"
3-focus-electron.eml,user@thecapitalextreme.net,Yes me,It's Me,"yes, me"
3-focus-electron.eml,rpl@breculanorth.com,Yes me,It's Me,"yes, me"
3-focus-electron.eml,aero@colourfullmind.com,Yes me,It's Me,"yes, me"
3-focus-electron.eml,tele@naturefallthoughts.com,Yes me,It's Me,"yes, me"
3-focus-electron.eml,voice@beautieviews.com,Yes me,It's Me,"yes, me"
3-focus-electron.eml,ned@warmarea.com,Yes me,It's Me,"yes, me"
3-focus-electron.eml,team@blankpapper.com,Yes me,It's Me,"yes, me"
3-focus-electron.eml,return@brightnessbox.com,Yes me,It's Me,"yes, me"
3-focus-electron.eml,mail@shineknowledge.com,Yes me,It's Me,"yes, me"
3-focus-electron.eml,service@pinkieframe.com,Yes me,It's Me,"yes, me"
3-focus-electron.eml,contact@contact.skillevents.net,Yes me,It's Me,"yes, me"
3-focus-electron.eml,contact@contact.financeyourlife.net,Yes me,It's Me,"yes, me"
3-focus-electron.eml,contact@contact.precisiontail.net,Yes me,It's Me,"yes, me"
3-focus-electron.eml,contact@contact.marketsbrain.net,Yes me,It's Me,"yes, me"
3-focus-electron.eml,contact@contact.successpath.net,Yes me,It's Me,"yes, me"
3-focus-electron.eml,contact@contact.flippagoods.net,Yes me,It's Me,"yes, me"
3-focus-electron.eml,contact@contact.fishingways.net,Yes me,It's Me,"yes, me"
3-focus-electron.eml,contact@contact.thecapitalnomad.net,Yes me,It's Me,"yes, me"
3-focus-electron.eml,contact@contact.thecapitalextreme.net,Yes me,It's Me,"yes, me"
3-focus-electron.eml,contact@contact.breculanorth.com,Yes me,It's Me,"yes, me"
3-focus-electron.eml,contact@contact.colourfullmind.com,Yes me,It's Me,"yes, me"
3-focus-electron.eml,contact@contact.naturefallthoughts.com,Yes me,It's Me,"yes, me"
3-focus-electron.eml,contact@contact.beautieviews.com,Yes me,It's Me,"yes, me"
3-focus-electron.eml,contact@contact.warmarea.com,Yes me,It's Me,"yes, me"
3-focus-electron.eml,contact@contact.blankpapper.com,Yes me,It's Me,"yes, me"
3-focus-electron.eml,contact@contact.brightnessbox.com,Yes me,It's Me,"yes, me"
3-focus-electron.eml,contact@contact.shineknowledge.com,Yes me,It's Me,"yes, me"
3-focus-electron.eml,contact@contact.pinkieframe.com,Yes me,It's Me,"yes, me"
3-focus-electron.eml,info@info.skillevents.net,Yes me,It's Me,"yes, me"
3-focus-electron.eml,info@info.financeyourlife.net,Yes me,It's Me,"yes, me"
3-focus-electron.eml,info@info.precisiontail.net,Yes me,It's Me,"yes, me"
3-focus-electron.eml,info@info.marketsbrain.net,Yes me,It's Me,"yes, me"
3-focus-electron.eml,info@info.successpath.net,Yes me,It's Me,"yes, me"
3-focus-electron.eml,info@info.flippagoods.net,Yes me,It's Me,"yes, me"
3-focus-electron.eml,info@info.fishingways.net,Yes me,It's Me,"yes, me"
3-focus-electron.eml,info@info.thecapitalnomad.net,Yes me,It's Me,"yes, me"
3-focus-electron.eml,info@info.thecapitalextreme.net,Yes me,It's Me,"yes, me"
3-focus-electron.eml,info@info.breculanorth.com,Yes me,It's Me,"yes, me"
3-focus-electron.eml,info@info.colourfullmind.com,Yes me,It's Me,"yes, me"
3-focus-electron.eml,info@info.naturefallthoughts.com,Yes me,It's Me,"yes, me"
3-focus-electron.eml,info@info.beautieviews.com,Yes me,It's Me,"yes, me"
3-focus-electron.eml,info@info.warmarea.com,Yes me,It's Me,"yes, me"
3-focus-electron.eml,info@info.blankpapper.com,Yes me,It's Me,"yes, me"
3-focus-electron.eml,info@info.brightnessbox.com,Yes me,It's Me,"yes, me"
3-focus-electron.eml,info@info.shineknowledge.com,Yes me,It's Me,"yes, me"
3-focus-electron.eml,info@info.pinkieframe.com,Yes me,It's Me,"yes, me"
3-focus-electron.eml,email@acubay.net,Yes me,It's Me,"yes, me"
3-focus-electron.eml,from@icesumo.net,Yes me,It's Me,"yes, me"
3-focus-electron.eml,spec@clickforbes.net,Yes me,It's Me,"yes, me"
3-focus-electron.eml,offer@wiselax.net,Yes me,It's Me,"yes, me"
3-focus-electron.eml,rpl@brainfullwise.net,Yes me,It's Me,"yes, me"
3-focus-electron.eml,mail@woneod.net,Yes me,It's Me,"yes, me"
3-focus-electron.eml,info@pewds.net,Yes me,It's Me,"yes, me"
3-focus-electron.eml,reply@itumpy.net,Yes me,It's Me,"yes, me"
3-focus-electron.eml,nice@keelboat.net,Yes me,It's Me,"yes, me"
3-focus-electron.eml,amanda@azydeco.net,Yes me,It's Me,"yes, me"
3-focus-electron.eml,rto@siegee.com,Yes me,It's Me,"yes, me"
3-focus-electron.eml,contacto@tamenfo.com,Yes me,It's Me,"yes, me"
3-focus-electron.eml,support@corrage.com,Yes me,It's Me,"yes, me"
3-focus-electron.eml,cor@sedopar.com,Yes me,It's Me,"yes, me"
3-focus-electron.eml,tele@kickcarafe.com,Yes me,It's Me,"yes, me"
3-focus-electron.eml,check@thinduvet.com,Yes me,It's Me,"yes, me"
3-focus-electron.eml,mailer@xpuffer.com,Yes me,It's Me,"yes, me"
3-focus-electron.eml,return@sindium.com,Yes me,It's Me,"yes, me"
3-focus-electron.eml,admin@tyuete.com,Yes me,It's Me,"yes, me"
3-focus-electron.eml,main@undersealite.com,Yes me,It's Me,"yes, me"
3-focus-electron.eml,contact@contact.acubay.net,Yes me,It's Me,"yes, me"
3-focus-electron.eml,contact@contact.icesumo.net,Yes me,It's Me,"yes, me"
3-focus-electron.eml,contact@contact.clickforbes.net,Yes me,It's Me,"yes, me"
3-focus-electron.eml,contact@contact.wiselax.net,Yes me,It's Me,"yes, me"
3-focus-electron.eml,contact@contact.brainfullwise.net,Yes me,It's Me,"yes, me"
3-focus-electron.eml,contact@contact.woneod.net,Yes me,It's Me,"yes, me"
3-focus-electron.eml,contact@contact.pewds.net,Yes me,It's Me,"yes, me"
3-focus-electron.eml,contact@contact.itumpy.net,Yes me,It's Me,"yes, me"
3-focus-electron.eml,contact@contact.keelboat.net,Yes me,It's Me,"yes, me"
3-focus-electron.eml,contact@contact.azydeco.net,Yes me,It's Me,"yes, me"
3-focus-electron.eml,contact@contact.siegee.com,Yes me,It's Me,"yes, me"
3-focus-electron.eml,contact@contact.tamenfo.com,Yes me,It's Me,"yes, me"
3-focus-electron.eml,contact@contact.corrage.com,Yes me,It's Me,"yes, me"
3-focus-electron.eml,contact@contact.sedopar.com,Yes me,It's Me,"yes, me"
3-focus-electron.eml,contact@contact.kickcarafe.com,Yes me,It's Me,"yes, me"
3-focus-electron.eml,contact@contact.thinduvet.com,Yes me,It's Me,"yes, me"
3-focus-electron.eml,contact@contact.xpuffer.com,Yes me,It's Me,"yes, me"
3-focus-electron.eml,contact@contact.sindium.com,Yes me,It's Me,"yes, me"
3-focus-electron.eml,contact@contact.tyuete.com,Yes me,It's Me,"yes, me"
3-focus-electron.eml,contact@contact.undersealite.com,Yes me,It's Me,"yes, me"
3-focus-electron.eml,info@info.acubay.net,Yes me,It's Me,"yes, me"
3-focus-electron.eml,info@info.icesumo.net,Yes me,It's Me,"yes, me"
3-focus-electron.eml,info@info.clickforbes.net,Yes me,It's Me,"yes, me"
3-focus-electron.eml,info@info.wiselax.net,Yes me,It's Me,"yes, me"
3-focus-electron.eml,info@info.brainfullwise.net,Yes me,It's Me,"yes, me"
3-focus-electron.eml,info@info.woneod.net,Yes me,It's Me,"yes, me"
3-focus-electron.eml,info@info.pewds.net,Yes me,It's Me,"yes, me"
3-focus-electron.eml,info@info.itumpy.net,Yes me,It's Me,"yes, me"
3-focus-electron.eml,info@info.keelboat.net,Yes me,It's Me,"yes, me"
3-focus-electron.eml,info@info.azydeco.net,Yes me,It's Me,"yes, me"
3-focus-electron.eml,info@info.siegee.com,Yes me,It's Me,"yes, me"
3-focus-electron.eml,info@info.tamenfo.com,Yes me,It's Me,"yes, me"
3-focus-electron.eml,info@info.corrage.com,Yes me,It's Me,"yes, me"
3-focus-electron.eml,info@info.sedopar.com,Yes me,It's Me,"yes, me"
3-focus-electron.eml,info@info.kickcarafe.com,Yes me,It's Me,"yes, me"
3-focus-electron.eml,info@info.thinduvet.com,Yes me,It's Me,"yes, me"
3-focus-electron.eml,info@info.xpuffer.com,Yes me,It's Me,"yes, me"
3-focus-electron.eml,info@info.sindium.com,Yes me,It's Me,"yes, me"
3-focus-electron.eml,info@info.tyuete.com,Yes me,It's Me,"yes, me"
3-focus-electron.eml,info@info.undersealite.com,Yes me,It's Me,"yes, me"
3-focus-electron.eml,mail@bestanu.com,Yes me,It's Me,"yes, me"
3-focus-electron.eml,email@softloss.com,Yes me,It's Me,"yes, me"
3-focus-electron.eml,rpl@hidenes.com,Yes me,It's Me,"yes, me"
3-focus-electron.eml,tele@birdmile.com,Yes me,It's Me,"yes, me"
3-focus-electron.eml,jimmy@dailyton.com,Yes me,It's Me,"yes, me"
3-focus-electron.eml,med@gohantime.com,Yes me,It's Me,"yes, me"
3-focus-electron.eml,from@logicrose.com,Yes me,It's Me,"yes, me"
3-focus-electron.eml,info@agepirade.com,Yes me,It's Me,"yes, me"
3-focus-electron.eml,reply@masadore.com,Yes me,It's Me,"yes, me"
3-focus-electron.eml,admin@greedolando.com,Yes me,It's Me,"yes, me"
3-focus-electron.eml,return@famousic.net,Yes me,It's Me,"yes, me"
3-focus-electron.eml,spec@claypan.net,Yes me,It's Me,"yes, me"
3-focus-electron.eml,pew@bingoban.net,Yes me,It's Me,"yes, me"
3-focus-electron.eml,amanda@facopedia.net,Yes me,It's Me,"yes, me"
3-focus-electron.eml,cor@faceram.net,Yes me,It's Me,"yes, me"
3-focus-electron.eml,check@mynotice.net,Yes me,It's Me,"yes, me"
3-focus-electron.eml,me@justmind.net,Yes me,It's Me,"yes, me"
3-focus-electron.eml,main@linkcover.net,Yes me,It's Me,"yes, me"
3-focus-electron.eml,aero@hitprime.net,Yes me,It's Me,"yes, me"
3-focus-electron.eml,hinka@sightside.net,Yes me,It's Me,"yes, me"
3-focus-electron.eml,contact@contact.bestanu.com,Yes me,It's Me,"yes, me"
3-focus-electron.eml,contact@contact.softloss.com,Yes me,It's Me,"yes, me"
3-focus-electron.eml,contact@contact.hidenes.com,Yes me,It's Me,"yes, me"
3-focus-electron.eml,contact@contact.birdmile.com,Yes me,It's Me,"yes, me"
3-focus-electron.eml,contact@contact.dailyton.com,Yes me,It's Me,"yes, me"
3-focus-electron.eml,contact@contact.gohantime.com,Yes me,It's Me,"yes, me"
3-focus-electron.eml,contact@contact.logicrose.com,Yes me,It's Me,"yes, me"
3-focus-electron.eml,contact@contact.agepirade.com,Yes me,It's Me,"yes, me"
3-focus-electron.eml,contact@contact.masadore.com,Yes me,It's Me,"yes, me"
3-focus-electron.eml,contact@contact.greedolando.com,Yes me,It's Me,"yes, me"
3-focus-electron.eml,contact@contact.famousic.net,Yes me,It's Me,"yes, me"
3-focus-electron.eml,contact@contact.claypan.net,Yes me,It's Me,"yes, me"
3-focus-electron.eml,contact@contact.bingoban.net,Yes me,It's Me,"yes, me"
3-focus-electron.eml,contact@contact.facopedia.net,Yes me,It's Me,"yes, me"
3-focus-electron.eml,contact@contact.faceram.net,Yes me,It's Me,"yes, me"
3-focus-electron.eml,contact@contact.mynotice.net,Yes me,It's Me,"yes, me"
3-focus-electron.eml,contact@contact.justmind.net,Yes me,It's Me,"yes, me"
3-focus-electron.eml,contact@contact.linkcover.net,Yes me,It's Me,"yes, me"
3-focus-electron.eml,contact@contact.hitprime.net,Yes me,It's Me,"yes, me"
3-focus-electron.eml,contact@contact.sightside.net,Yes me,It's Me,"yes, me"
3-focus-electron.eml,info@info.bestanu.com,Yes me,It's Me,"yes, me"
3-focus-electron.eml,info@info.softloss.com,Yes me,It's Me,"yes, me"
3-focus-electron.eml,info@info.hidenes.com,Yes me,It's Me,"yes, me"
3-focus-electron.eml,info@info.birdmile.com,Yes me,It's Me,"yes, me"
3-focus-electron.eml,info@info.dailyton.com,Yes me,It's Me,"yes, me"
3-focus-electron.eml,info@info.gohantime.com,Yes me,It's Me,"yes, me"
3-focus-electron.eml,info@info.logicrose.com,Yes me,It's Me,"yes, me"
3-focus-electron.eml,info@info.agepirade.com,Yes me,It's Me,"yes, me"
3-focus-electron.eml,info@info.masadore.com,Yes me,It's Me,"yes, me"
3-focus-electron.eml,info@info.greedolando.com,Yes me,It's Me,"yes, me"
3-focus-electron.eml,info@info.famousic.net,Yes me,It's Me,"yes, me"
3-focus-electron.eml,info@info.claypan.net,Yes me,It's Me,"yes, me"
3-focus-electron.eml,info@info.bingoban.net,Yes me,It's Me,"yes, me"
3-focus-electron.eml,info@info.facopedia.net,Yes me,It's Me,"yes, me"
3-focus-electron.eml,info@info.faceram.net,Yes me,It's Me,"yes, me"
3-focus-electron.eml,info@info.mynotice.net,Yes me,It's Me,"yes, me"
3-focus-electron.eml,info@info.justmind.net,Yes me,It's Me,"yes, me"
3-focus-electron.eml,info@info.linkcover.net,Yes me,It's Me,"yes, me"
3-focus-electron.eml,info@info.hitprime.net,Yes me,It's Me,"yes, me"
3-focus-electron.eml,info@info.sightside.net,Yes me,It's Me,"yes, me"
3-focus-electron.eml,support@teddfod.cn.com,Yes me,It's Me,"yes, me"
3-focus-electron.eml,support@morozone.cn.com,Yes me,It's Me,"yes, me"
3-focus-electron.eml,support@othesis.cn.com,Yes me,It's Me,"yes, me"
3-focus-electron.eml,support@withophy.br.com,Yes me,It's Me,"yes, me"
3-focus-electron.eml,support@mainly.de.com,Yes me,It's Me,"yes, me"
3-focus-electron.eml,support@nauplify.de.com,Yes me,It's Me,"yes, me"
3-focus-electron.eml,support@resouri.de.com,Yes me,It's Me,"yes, me"
3-focus-electron.eml,support@presistan.uk.com,Yes me,It's Me,"yes, me"
3-focus-electron.eml,support@verwock.uk.com,Yes me,It's Me,"yes, me"
3-focus-electron.eml,support@canalyzing.uk.com,Yes me,It's Me,"yes, me"
3-focus-electron.eml,support@sardose.us.org,Yes me,It's Me,"yes, me"
3-focus-electron.eml,support@britical.us.org,Yes me,It's Me,"yes, me"
3-focus-electron.eml,support@utilak.us.org,Yes me,It's Me,"yes, me"
3-focus-electron.eml,support@pecules.us.com,Yes me,It's Me,"yes, me"
3-focus-electron.eml,support@flatska.us.com,Yes me,It's Me,"yes, me"
3-focus-electron.eml,support@bouncil.us.com,Yes me,It's Me,"yes, me"
3-focus-electron.eml,contact@contact.teddfod.cn.com,Yes me,It's Me,"yes, me"
3-focus-electron.eml,contact@contact.morozone.cn.com,Yes me,It's Me,"yes, me"
3-focus-electron.eml,contact@contact.othesis.cn.com,Yes me,It's Me,"yes, me"
3-focus-electron.eml,contact@contact.withophy.br.com,Yes me,It's Me,"yes, me"
3-focus-electron.eml,contact@contact.mainly.de.com,Yes me,It's Me,"yes, me"
3-focus-electron.eml,contact@contact.nauplify.de.com,Yes me,It's Me,"yes, me"
3-focus-electron.eml,contact@contact.resouri.de.com,Yes me,It's Me,"yes, me"
3-focus-electron.eml,contact@contact.presistan.uk.com,Yes me,It's Me,"yes, me"
3-focus-electron.eml,contact@contact.verwock.uk.com,Yes me,It's Me,"yes, me"
3-focus-electron.eml,contact@contact.canalyzing.uk.com,Yes me,It's Me,"yes, me"
3-focus-electron.eml,contact@contact.sardose.us.org,Yes me,It's Me,"yes, me"
3-focus-electron.eml,contact@contact.britical.us.org,Yes me,It's Me,"yes, me"
3-focus-electron.eml,contact@contact.utilak.us.org,Yes me,It's Me,"yes, me"
3-focus-electron.eml,contact@contact.pecules.us.com,Yes me,It's Me,"yes, me"
3-focus-electron.eml,contact@contact.flatska.us.com,Yes me,It's Me,"yes, me"
3-focus-electron.eml,contact@contact.bouncil.us.com,Yes me,It's Me,"yes, me"
3-focus-electron.eml,info@info.teddfod.cn.com,Yes me,It's Me,"yes, me"
3-focus-electron.eml,info@info.morozone.cn.com,Yes me,It's Me,"yes, me"
3-focus-electron.eml,info@info.othesis.cn.com,Yes me,It's Me,"yes, me"
3-focus-electron.eml,info@info.withophy.br.com,Yes me,It's Me,"yes, me"
3-focus-electron.eml,info@info.mainly.de.com,Yes me,It's Me,"yes, me"
3-focus-electron.eml,info@info.nauplify.de.com,Yes me,It's Me,"yes, me"
3-focus-electron.eml,info@info.resouri.de.com,Yes me,It's Me,"yes, me"
3-focus-electron.eml,info@info.presistan.uk.com,Yes me,It's Me,"yes, me"
3-focus-electron.eml,info@info.verwock.uk.com,Yes me,It's Me,"yes, me"
3-focus-electron.eml,info@info.canalyzing.uk.com,Yes me,It's Me,"yes, me"
3-focus-electron.eml,info@info.sardose.us.org,Yes me,It's Me,"yes, me"
3-focus-electron.eml,info@info.britical.us.org,Yes me,It's Me,"yes, me"
3-focus-electron.eml,info@info.utilak.us.org,Yes me,It's Me,"yes, me"
3-focus-electron.eml,info@info.pecules.us.com,Yes me,It's Me,"yes, me"
3-focus-electron.eml,info@info.flatska.us.com,Yes me,It's Me,"yes, me"
3-focus-electron.eml,info@info.bouncil.us.com,Yes me,It's Me,"yes, me"
3-focus-electron.eml,support@mysocialtab.com,Yes me,It's Me,"yes, me"
3-focus-electron.eml,support@indiaecommercebrief.com,Yes me,It's Me,"yes, me"
3-focus-electron.eml,support@ikramedia.web.id,Yes me,It's Me,"yes, me"
3-focus-electron.eml,support@tradetab.io,Yes me,It's Me,"yes, me"
3-focus-electron.eml,support@cirugiagenital.com.mx,Yes me,It's Me,"yes, me"
3-focus-electron.eml,contact@contact.mysocialtab.com,Yes me,It's Me,"yes, me"
3-focus-electron.eml,contact@contact.indiaecommercebrief.com,Yes me,It's Me,"yes, me"
3-focus-electron.eml,contact@contact.ikramedia.web.id,Yes me,It's Me,"yes, me"
3-focus-electron.eml,contact@contact.tradetab.io,Yes me,It's Me,"yes, me"
3-focus-electron.eml,contact@contact.cirugiagenital.com.mx,Yes me,It's Me,"yes, me"
3-focus-electron.eml,info@info.mysocialtab.com,Yes me,It's Me,"yes, me"
3-focus-electron.eml,info@info.indiaecommercebrief.com,Yes me,It's Me,"yes, me"
3-focus-electron.eml,info@info.ikramedia.web.id,Yes me,It's Me,"yes, me"
3-focus-electron.eml,info@info.tradetab.io,Yes me,It's Me,"yes, me"
3-focus-electron.eml,info@info.cirugiagenital.com.mx,Yes me,It's Me,"yes, me"
4-dahlia.eml,all@yupfamilly.org.uk,Yes me,It's Me,"yes, me"
4-dahlia.eml,all@valuegreatness.co.uk,Yes me,It's Me,"yes, me"
4-dahlia.eml,bag@mazguiti.com,Yes me,It's Me,"yes, me"
4-dahlia.eml,biner@goldasin.net,Yes me,It's Me,"yes, me"
4-dahlia.eml,city@thecofimar.com,Yes me,It's Me,"yes, me"
4-dahlia.eml,contact@tagerosa.net,Yes me,It's Me,"yes, me"
4-dahlia.eml,fox@harpano.com,Yes me,It's Me,"yes, me"
4-dahlia.eml,info@besagres.com,Yes me,It's Me,"yes, me"
4-dahlia.eml,mail@hulalateach.com,Yes me,It's Me,"yes, me"
4-dahlia.eml,news@saprayxon.net,Yes me,It's Me,"yes, me"
4-dahlia.eml,offre@chipsnali.net,Yes me,It's Me,"yes, me"
4-dahlia.eml,open@biodisfruta.com,Yes me,It's Me,"yes, me"
4-dahlia.eml,port@thesalvora.com,Yes me,It's Me,"yes, me"
4-dahlia.eml,reply@galdami.net,Yes me,It's Me,"yes, me"
4-dahlia.eml,rex@okinawazones.net,Yes me,It's Me,"yes, me"
4-dahlia.eml,rpl@waqman.com,Yes me,It's Me,"yes, me"
4-dahlia.eml,send@mengananateam.net,Yes me,It's Me,"yes, me"
4-dahlia.eml,sky@hombresimba.com,Yes me,It's Me,"yes, me"
4-dahlia.eml,sun@capitalaccuracy.com,Yes me,It's Me,"yes, me"
4-dahlia.eml,team@biosobre.com,Yes me,It's Me,"yes, me"
4-dahlia.eml,contact@contact.mazguiti.com,Yes me,It's Me,"yes, me"
4-dahlia.eml,contact@contact.goldasin.net,Yes me,It's Me,"yes, me"
4-dahlia.eml,contact@contact.thecofimar.com,Yes me,It's Me,"yes, me"
4-dahlia.eml,contact@contact.tagerosa.net,Yes me,It's Me,"yes, me"
4-dahlia.eml,contact@contact.harpano.com,Yes me,It's Me,"yes, me"
4-dahlia.eml,contact@contact.besagres.com,Yes me,It's Me,"yes, me"
4-dahlia.eml,contact@contact.hulalateach.com,Yes me,It's Me,"yes, me"
4-dahlia.eml,contact@contact.saprayxon.net,Yes me,It's Me,"yes, me"
4-dahlia.eml,contact@contact.chipsnali.net,Yes me,It's Me,"yes, me"
4-dahlia.eml,contact@contact.biodisfruta.com,Yes me,It's Me,"yes, me"
4-dahlia.eml,contact@contact.thesalvora.com,Yes me,It's Me,"yes, me"
4-dahlia.eml,contact@contact.galdami.net,Yes me,It's Me,"yes, me"
4-dahlia.eml,contact@contact.okinawazones.net,Yes me,It's Me,"yes, me"
4-dahlia.eml,contact@contact.waqman.com,Yes me,It's Me,"yes, me"
4-dahlia.eml,contact@contact.mengananateam.net,Yes me,It's Me,"yes, me"
4-dahlia.eml,contact@contact.hombresimba.com,Yes me,It's Me,"yes, me"
4-dahlia.eml,contact@contact.capitalaccuracy.com,Yes me,It's Me,"yes, me"
4-dahlia.eml,contact@contact.biosobre.com,Yes me,It's Me,"yes, me"
4-dahlia.eml,info@info.mazguiti.com,Yes me,It's Me,"yes, me"
4-dahlia.eml,info@info.goldasin.net,Yes me,It's Me,"yes, me"
4-dahlia.eml,info@info.thecofimar.com,Yes me,It's Me,"yes, me"
4-dahlia.eml,info@info.tagerosa.net,Yes me,It's Me,"yes, me"
4-dahlia.eml,info@info.harpano.com,Yes me,It's Me,"yes, me"
4-dahlia.eml,info@info.besagres.com,Yes me,It's Me,"yes, me"
4-dahlia.eml,info@info.hulalateach.com,Yes me,It's Me,"yes, me"
4-dahlia.eml,info@info.saprayxon.net,Yes me,It's Me,"yes, me"
4-dahlia.eml,info@info.chipsnali.net,Yes me,It's Me,"yes, me"
4-dahlia.eml,info@info.biodisfruta.com,Yes me,It's Me,"yes, me"
4-dahlia.eml,info@info.thesalvora.com,Yes me,It's Me,"yes, me"
4-dahlia.eml,info@info.galdami.net,Yes me,It's Me,"yes, me"
4-dahlia.eml,info@info.okinawazones.net,Yes me,It's Me,"yes, me"
4-dahlia.eml,info@info.waqman.com,Yes me,It's Me,"yes, me"
4-dahlia.eml,info@info.mengananateam.net,Yes me,It's Me,"yes, me"
4-dahlia.eml,info@info.hombresimba.com,Yes me,It's Me,"yes, me"
4-dahlia.eml,info@info.capitalaccuracy.com,Yes me,It's Me,"yes, me"
4-dahlia.eml,info@info.biosobre.com,Yes me,It's Me,"yes, me"
4-dahlia.eml,tele@nokidolce.com,Yes me,It's Me,"yes, me"
4-dahlia.eml,sol@samsgabana.com,Yes me,It's Me,"yes, me"
4-dahlia.eml,return@danevache.com,Yes me,It's Me,"yes, me"
4-dahlia.eml,contacto@tacodunes.com,Yes me,It's Me,"yes, me"
4-dahlia.eml,email@medirisia.com,Yes me,It's Me,"yes, me"
4-dahlia.eml,check@calioteenz.com,Yes me,It's Me,"yes, me"
4-dahlia.eml,nani@buscalsol.com,Yes me,It's Me,"yes, me"
4-dahlia.eml,core@activiadan.com,Yes me,It's Me,"yes, me"
4-dahlia.eml,team@limbragui.net,Yes me,It's Me,"yes, me"
4-dahlia.eml,offer@bombiwhite.com,Yes me,It's Me,"yes, me"
4-dahlia.eml,toki@florvent.net,Yes me,It's Me,"yes, me"
4-dahlia.eml,ken@theherdez.net,Yes me,It's Me,"yes, me"
4-dahlia.eml,joy@nantorealcalvo.net,Yes me,It's Me,"yes, me"
4-dahlia.eml,fun@felixdorado.net,Yes me,It's Me,"yes, me"
4-dahlia.eml,able@catnegro.net,Yes me,It's Me,"yes, me"
4-dahlia.eml,flag@samelserio.net,Yes me,It's Me,"yes, me"
4-dahlia.eml,click@megasardinar.net,Yes me,It's Me,"yes, me"
4-dahlia.eml,sam@zigurrat.net,Yes me,It's Me,"yes, me"
4-dahlia.eml,puerto@sardinman.net,Yes me,It's Me,"yes, me"
4-dahlia.eml,contact@contact.nokidolce.com,Yes me,It's Me,"yes, me"
4-dahlia.eml,contact@contact.samsgabana.com,Yes me,It's Me,"yes, me"
4-dahlia.eml,contact@contact.danevache.com,Yes me,It's Me,"yes, me"
4-dahlia.eml,contact@contact.tacodunes.com,Yes me,It's Me,"yes, me"
4-dahlia.eml,contact@contact.medirisia.com,Yes me,It's Me,"yes, me"
4-dahlia.eml,contact@contact.calioteenz.com,Yes me,It's Me,"yes, me"
4-dahlia.eml,contact@contact.buscalsol.com,Yes me,It's Me,"yes, me"
4-dahlia.eml,contact@contact.activiadan.com,Yes me,It's Me,"yes, me"
4-dahlia.eml,contact@contact.limbragui.net,Yes me,It's Me,"yes, me"
4-dahlia.eml,contact@contact.bombiwhite.com,Yes me,It's Me,"yes, me"
4-dahlia.eml,contact@contact.florvent.net,Yes me,It's Me,"yes, me"
4-dahlia.eml,contact@contact.theherdez.net,Yes me,It's Me,"yes, me"
4-dahlia.eml,contact@contact.nantorealcalvo.net,Yes me,It's Me,"yes, me"
4-dahlia.eml,contact@contact.felixdorado.net,Yes me,It's Me,"yes, me"
4-dahlia.eml,contact@contact.catnegro.net,Yes me,It's Me,"yes, me"
4-dahlia.eml,contact@contact.samelserio.net,Yes me,It's Me,"yes, me"
4-dahlia.eml,contact@contact.megasardinar.net,Yes me,It's Me,"yes, me"
4-dahlia.eml,contact@contact.zigurrat.net,Yes me,It's Me,"yes, me"
4-dahlia.eml,contact@contact.sardinman.net,Yes me,It's Me,"yes, me"
4-dahlia.eml,info@info.nokidolce.com,Yes me,It's Me,"yes, me"
4-dahlia.eml,info@info.samsgabana.com,Yes me,It's Me,"yes, me"
4-dahlia.eml,info@info.danevache.com,Yes me,It's Me,"yes, me"
4-dahlia.eml,info@info.tacodunes.com,Yes me,It's Me,"yes, me"
4-dahlia.eml,info@info.medirisia.com,Yes me,It's Me,"yes, me"
4-dahlia.eml,info@info.calioteenz.com,Yes me,It's Me,"yes, me"
4-dahlia.eml,info@info.buscalsol.com,Yes me,It's Me,"yes, me"
4-dahlia.eml,info@info.activiadan.com,Yes me,It's Me,"yes, me"
4-dahlia.eml,info@info.limbragui.net,Yes me,It's Me,"yes, me"
4-dahlia.eml,info@info.bombiwhite.com,Yes me,It's Me,"yes, me"
4-dahlia.eml,info@info.florvent.net,Yes me,It's Me,"yes, me"
4-dahlia.eml,info@info.theherdez.net,Yes me,It's Me,"yes, me"
4-dahlia.eml,info@info.nantorealcalvo.net,Yes me,It's Me,"yes, me"
4-dahlia.eml,info@info.felixdorado.net,Yes me,It's Me,"yes, me"
4-dahlia.eml,info@info.catnegro.net,Yes me,It's Me,"yes, me"
4-dahlia.eml,info@info.samelserio.net,Yes me,It's Me,"yes, me"
4-dahlia.eml,info@info.megasardinar.net,Yes me,It's Me,"yes, me"
4-dahlia.eml,info@info.zigurrat.net,Yes me,It's Me,"yes, me"
4-dahlia.eml,info@info.sardinman.net,Yes me,It's Me,"yes, me"
4-dahlia.eml,email@floridaprimor.net,Yes me,It's Me,"yes, me"
4-dahlia.eml,contact@bestofground.com,Yes me,It's Me,"yes, me"
4-dahlia.eml,tele@capitalwag.com,Yes me,It's Me,"yes, me"
4-dahlia.eml,admin@carsvortex.com,Yes me,It's Me,"yes, me"
4-dahlia.eml,aero@clockweb.net,Yes me,It's Me,"yes, me"
4-dahlia.eml,vero@deeplightnow.net,Yes me,It's Me,"yes, me"
4-dahlia.eml,robin@differentcenter.net,Yes me,It's Me,"yes, me"
4-dahlia.eml,elite@fastgears.net,Yes me,It's Me,"yes, me"
4-dahlia.eml,great@giantspaces.net,Yes me,It's Me,"yes, me"
4-dahlia.eml,master@highspeedcars.net,Yes me,It's Me,"yes, me"
4-dahlia.eml,news@howtoshow.net,Yes me,It's Me,"yes, me"
4-dahlia.eml,control@maximump.com,Yes me,It's Me,"yes, me"
4-dahlia.eml,support@moonmountains.com,Yes me,It's Me,"yes, me"
4-dahlia.eml,post@penintime.com,Yes me,It's Me,"yes, me"
4-dahlia.eml,info@redefspace.com,Yes me,It's Me,"yes, me"
4-dahlia.eml,one@rosehouse.net,Yes me,It's Me,"yes, me"
4-dahlia.eml,jessica@simplyjust.net,Yes me,It's Me,"yes, me"
4-dahlia.eml,taylor@tundraft.com,Yes me,It's Me,"yes, me"
4-dahlia.eml,mail@voxtee.com,Yes me,It's Me,"yes, me"
4-dahlia.eml,primary@webhappyface.com,Yes me,It's Me,"yes, me"
4-dahlia.eml,contact@contact.floridaprimor.net,Yes me,It's Me,"yes, me"
4-dahlia.eml,contact@contact.bestofground.com,Yes me,It's Me,"yes, me"
4-dahlia.eml,contact@contact.capitalwag.com,Yes me,It's Me,"yes, me"
4-dahlia.eml,contact@contact.carsvortex.com,Yes me,It's Me,"yes, me"
4-dahlia.eml,contact@contact.clockweb.net,Yes me,It's Me,"yes, me"
4-dahlia.eml,contact@contact.deeplightnow.net,Yes me,It's Me,"yes, me"
4-dahlia.eml,contact@contact.differentcenter.net,Yes me,It's Me,"yes, me"
4-dahlia.eml,contact@contact.fastgears.net,Yes me,It's Me,"yes, me"
4-dahlia.eml,contact@contact.giantspaces.net,Yes me,It's Me,"yes, me"
4-dahlia.eml,contact@contact.highspeedcars.net,Yes me,It's Me,"yes, me"
4-dahlia.eml,contact@contact.howtoshow.net,Yes me,It's Me,"yes, me"
4-dahlia.eml,contact@contact.maximump.com,Yes me,It's Me,"yes, me"
4-dahlia.eml,contact@contact.moonmountains.com,Yes me,It's Me,"yes, me"
4-dahlia.eml,contact@contact.penintime.com,Yes me,It's Me,"yes, me"
4-dahlia.eml,contact@contact.redefspace.com,Yes me,It's Me,"yes, me"
4-dahlia.eml,contact@contact.rosehouse.net,Yes me,It's Me,"yes, me"
4-dahlia.eml,contact@contact.simplyjust.net,Yes me,It's Me,"yes, me"
4-dahlia.eml,contact@contact.tundraft.com,Yes me,It's Me,"yes, me"
4-dahlia.eml,contact@contact.voxtee.com,Yes me,It's Me,"yes, me"
4-dahlia.eml,contact@contact.webhappyface.com,Yes me,It's Me,"yes, me"
4-dahlia.eml,info@info.floridaprimor.net,Yes me,It's Me,"yes, me"
4-dahlia.eml,info@info.bestofground.com,Yes me,It's Me,"yes, me"
4-dahlia.eml,info@info.capitalwag.com,Yes me,It's Me,"yes, me"
4-dahlia.eml,info@info.carsvortex.com,Yes me,It's Me,"yes, me"
4-dahlia.eml,info@info.clockweb.net,Yes me,It's Me,"yes, me"
4-dahlia.eml,info@info.deeplightnow.net,Yes me,It's Me,"yes, me"
4-dahlia.eml,info@info.differentcenter.net,Yes me,It's Me,"yes, me"
4-dahlia.eml,info@info.fastgears.net,Yes me,It's Me,"yes, me"
4-dahlia.eml,info@info.giantspaces.net,Yes me,It's Me,"yes, me"
4-dahlia.eml,info@info.highspeedcars.net,Yes me,It's Me,"yes, me"
4-dahlia.eml,info@info.howtoshow.net,Yes me,It's Me,"yes, me"
4-dahlia.eml,info@info.maximump.com,Yes me,It's Me,"yes, me"
4-dahlia.eml,info@info.moonmountains.com,Yes me,It's Me,"yes, me"
4-dahlia.eml,info@info.penintime.com,Yes me,It's Me,"yes, me"
4-dahlia.eml,info@info.redefspace.com,Yes me,It's Me,"yes, me"
4-dahlia.eml,info@info.rosehouse.net,Yes me,It's Me,"yes, me"
4-dahlia.eml,info@info.simplyjust.net,Yes me,It's Me,"yes, me"
4-dahlia.eml,info@info.tundraft.com,Yes me,It's Me,"yes, me"
4-dahlia.eml,info@info.voxtee.com,Yes me,It's Me,"yes, me"
4-dahlia.eml,info@info.webhappyface.com,Yes me,It's Me,"yes, me"
4-dahlia.eml,from@skillevents.net,Yes me,It's Me,"yes, me"
4-dahlia.eml,pearle@financeyourlife.net,Yes me,It's Me,"yes, me"
4-dahlia.eml,will@precisiontail.net,Yes me,It's Me,"yes, me"
4-dahlia.eml,support@marketsbrain.net,Yes me,It's Me,"yes, me"
4-dahlia.eml,admin@successpath.net,Yes me,It's Me,"yes, me"
4-dahlia.eml,email@flippagoods.net,Yes me,It's Me,"yes, me"
4-dahlia.eml,voice@fishingways.net,Yes me,It's Me,"yes, me"
4-dahlia.eml,contact@thecapitalnomad.net,Yes me,It's Me,"yes, me"
4-dahlia.eml,user@thecapitalextreme.net,Yes me,It's Me,"yes, me"
4-dahlia.eml,rpl@breculanorth.com,Yes me,It's Me,"yes, me"
4-dahlia.eml,aero@colourfullmind.com,Yes me,It's Me,"yes, me"
4-dahlia.eml,tele@naturefallthoughts.com,Yes me,It's Me,"yes, me"
4-dahlia.eml,voice@beautieviews.com,Yes me,It's Me,"yes, me"
4-dahlia.eml,ned@warmarea.com,Yes me,It's Me,"yes, me"
4-dahlia.eml,team@blankpapper.com,Yes me,It's Me,"yes, me"
4-dahlia.eml,return@brightnessbox.com,Yes me,It's Me,"yes, me"
4-dahlia.eml,mail@shineknowledge.com,Yes me,It's Me,"yes, me"
4-dahlia.eml,service@pinkieframe.com,Yes me,It's Me,"yes, me"
4-dahlia.eml,contact@contact.skillevents.net,Yes me,It's Me,"yes, me"
4-dahlia.eml,contact@contact.financeyourlife.net,Yes me,It's Me,"yes, me"
4-dahlia.eml,contact@contact.precisiontail.net,Yes me,It's Me,"yes, me"
4-dahlia.eml,contact@contact.marketsbrain.net,Yes me,It's Me,"yes, me"
4-dahlia.eml,contact@contact.successpath.net,Yes me,It's Me,"yes, me"
4-dahlia.eml,contact@contact.flippagoods.net,Yes me,It's Me,"yes, me"
4-dahlia.eml,contact@contact.fishingways.net,Yes me,It's Me,"yes, me"
4-dahlia.eml,contact@contact.thecapitalnomad.net,Yes me,It's Me,"yes, me"
4-dahlia.eml,contact@contact.thecapitalextreme.net,Yes me,It's Me,"yes, me"
4-dahlia.eml,contact@contact.breculanorth.com,Yes me,It's Me,"yes, me"
4-dahlia.eml,contact@contact.colourfullmind.com,Yes me,It's Me,"yes, me"
4-dahlia.eml,contact@contact.naturefallthoughts.com,Yes me,It's Me,"yes, me"
4-dahlia.eml,contact@contact.beautieviews.com,Yes me,It's Me,"yes, me"
4-dahlia.eml,contact@contact.warmarea.com,Yes me,It's Me,"yes, me"
4-dahlia.eml,contact@contact.blankpapper.com,Yes me,It's Me,"yes, me"
4-dahlia.eml,contact@contact.brightnessbox.com,Yes me,It's Me,"yes, me"
4-dahlia.eml,contact@contact.shineknowledge.com,Yes me,It's Me,"yes, me"
4-dahlia.eml,contact@contact.pinkieframe.com,Yes me,It's Me,"yes, me"
4-dahlia.eml,info@info.skillevents.net,Yes me,It's Me,"yes, me"
4-dahlia.eml,info@info.financeyourlife.net,Yes me,It's Me,"yes, me"
4-dahlia.eml,info@info.precisiontail.net,Yes me,It's Me,"yes, me"
4-dahlia.eml,info@info.marketsbrain.net,Yes me,It's Me,"yes, me"
4-dahlia.eml,info@info.successpath.net,Yes me,It's Me,"yes, me"
4-dahlia.eml,info@info.flippagoods.net,Yes me,It's Me,"yes, me"
4-dahlia.eml,info@info.fishingways.net,Yes me,It's Me,"yes, me"
4-dahlia.eml,info@info.thecapitalnomad.net,Yes me,It's Me,"yes, me"
4-dahlia.eml,info@info.thecapitalextreme.net,Yes me,It's Me,"yes, me"
4-dahlia.eml,info@info.breculanorth.com,Yes me,It's Me,"yes, me"
4-dahlia.eml,info@info.colourfullmind.com,Yes me,It's Me,"yes, me"
4-dahlia.eml,info@info.naturefallthoughts.com,Yes me,It's Me,"yes, me"
4-dahlia.eml,info@info.beautieviews.com,Yes me,It's Me,"yes, me"
4-dahlia.eml,info@info.warmarea.com,Yes me,It's Me,"yes, me"
4-dahlia.eml,info@info.blankpapper.com,Yes me,It's Me,"yes, me"
4-dahlia.eml,info@info.brightnessbox.com,Yes me,It's Me,"yes, me"
4-dahlia.eml,info@info.shineknowledge.com,Yes me,It's Me,"yes, me"
4-dahlia.eml,info@info.pinkieframe.com,Yes me,It's Me,"yes, me"
4-dahlia.eml,email@acubay.net,Yes me,It's Me,"yes, me"
4-dahlia.eml,from@icesumo.net,Yes me,It's Me,"yes, me"
4-dahlia.eml,spec@clickforbes.net,Yes me,It's Me,"yes, me"
4-dahlia.eml,offer@wiselax.net,Yes me,It's Me,"yes, me"
4-dahlia.eml,rpl@brainfullwise.net,Yes me,It's Me,"yes, me"
4-dahlia.eml,mail@woneod.net,Yes me,It's Me,"yes, me"
4-dahlia.eml,info@pewds.net,Yes me,It's Me,"yes, me"
4-dahlia.eml,reply@itumpy.net,Yes me,It's Me,"yes, me"
4-dahlia.eml,nice@keelboat.net,Yes me,It's Me,"yes, me"
4-dahlia.eml,amanda@azydeco.net,Yes me,It's Me,"yes, me"
4-dahlia.eml,rto@siegee.com,Yes me,It's Me,"yes, me"
4-dahlia.eml,contacto@tamenfo.com,Yes me,It's Me,"yes, me"
4-dahlia.eml,support@corrage.com,Yes me,It's Me,"yes, me"
4-dahlia.eml,cor@sedopar.com,Yes me,It's Me,"yes, me"
4-dahlia.eml,tele@kickcarafe.com,Yes me,It's Me,"yes, me"
4-dahlia.eml,check@thinduvet.com,Yes me,It's Me,"yes, me"
4-dahlia.eml,mailer@xpuffer.com,Yes me,It's Me,"yes, me"
4-dahlia.eml,return@sindium.com,Yes me,It's Me,"yes, me"
4-dahlia.eml,admin@tyuete.com,Yes me,It's Me,"yes, me"
4-dahlia.eml,main@undersealite.com,Yes me,It's Me,"yes, me"
4-dahlia.eml,contact@contact.acubay.net,Yes me,It's Me,"yes, me"
4-dahlia.eml,contact@contact.icesumo.net,Yes me,It's Me,"yes, me"
4-dahlia.eml,contact@contact.clickforbes.net,Yes me,It's Me,"yes, me"
4-dahlia.eml,contact@contact.wiselax.net,Yes me,It's Me,"yes, me"
4-dahlia.eml,contact@contact.brainfullwise.net,Yes me,It's Me,"yes, me"
4-dahlia.eml,contact@contact.woneod.net,Yes me,It's Me,"yes, me"
4-dahlia.eml,contact@contact.pewds.net,Yes me,It's Me,"yes, me"
4-dahlia.eml,contact@contact.itumpy.net,Yes me,It's Me,"yes, me"
4-dahlia.eml,contact@contact.keelboat.net,Yes me,It's Me,"yes, me"
4-dahlia.eml,contact@contact.azydeco.net,Yes me,It's Me,"yes, me"
4-dahlia.eml,contact@contact.siegee.com,Yes me,It's Me,"yes, me"
4-dahlia.eml,contact@contact.tamenfo.com,Yes me,It's Me,"yes, me"
4-dahlia.eml,contact@contact.corrage.com,Yes me,It's Me,"yes, me"
4-dahlia.eml,contact@contact.sedopar.com,Yes me,It's Me,"yes, me"
4-dahlia.eml,contact@contact.kickcarafe.com,Yes me,It's Me,"yes, me"
4-dahlia.eml,contact@contact.thinduvet.com,Yes me,It's Me,"yes, me"
4-dahlia.eml,contact@contact.xpuffer.com,Yes me,It's Me,"yes, me"
4-dahlia.eml,contact@contact.sindium.com,Yes me,It's Me,"yes, me"
4-dahlia.eml,contact@contact.tyuete.com,Yes me,It's Me,"yes, me"
4-dahlia.eml,contact@contact.undersealite.com,Yes me,It's Me,"yes, me"
4-dahlia.eml,info@info.acubay.net,Yes me,It's Me,"yes, me"
4-dahlia.eml,info@info.icesumo.net,Yes me,It's Me,"yes, me"
4-dahlia.eml,info@info.clickforbes.net,Yes me,It's Me,"yes, me"
4-dahlia.eml,info@info.wiselax.net,Yes me,It's Me,"yes, me"
4-dahlia.eml,info@info.brainfullwise.net,Yes me,It's Me,"yes, me"
4-dahlia.eml,info@info.woneod.net,Yes me,It's Me,"yes, me"
4-dahlia.eml,info@info.pewds.net,Yes me,It's Me,"yes, me"
4-dahlia.eml,info@info.itumpy.net,Yes me,It's Me,"yes, me"
4-dahlia.eml,info@info.keelboat.net,Yes me,It's Me,"yes, me"
4-dahlia.eml,info@info.azydeco.net,Yes me,It's Me,"yes, me"
4-dahlia.eml,info@info.siegee.com,Yes me,It's Me,"yes, me"
4-dahlia.eml,info@info.tamenfo.com,Yes me,It's Me,"yes, me"
4-dahlia.eml,info@info.corrage.com,Yes me,It's Me,"yes, me"
4-dahlia.eml,info@info.sedopar.com,Yes me,It's Me,"yes, me"
4-dahlia.eml,info@info.kickcarafe.com,Yes me,It's Me,"yes, me"
4-dahlia.eml,info@info.thinduvet.com,Yes me,It's Me,"yes, me"
4-dahlia.eml,info@info.xpuffer.com,Yes me,It's Me,"yes, me"
4-dahlia.eml,info@info.sindium.com,Yes me,It's Me,"yes, me"
4-dahlia.eml,info@info.tyuete.com,Yes me,It's Me,"yes, me"
4-dahlia.eml,info@info.undersealite.com,Yes me,It's Me,"yes, me"
4-dahlia.eml,mail@bestanu.com,Yes me,It's Me,"yes, me"
4-dahlia.eml,email@softloss.com,Yes me,It's Me,"yes, me"
4-dahlia.eml,rpl@hidenes.com,Yes me,It's Me,"yes, me"
4-dahlia.eml,tele@birdmile.com,Yes me,It's Me,"yes, me"
4-dahlia.eml,jimmy@dailyton.com,Yes me,It's Me,"yes, me"
4-dahlia.eml,med@gohantime.com,Yes me,It's Me,"yes, me"
4-dahlia.eml,from@logicrose.com,Yes me,It's Me,"yes, me"
4-dahlia.eml,info@agepirade.com,Yes me,It's Me,"yes, me"
4-dahlia.eml,reply@masadore.com,Yes me,It's Me,"yes, me"
4-dahlia.eml,admin@greedolando.com,Yes me,It's Me,"yes, me"
4-dahlia.eml,return@famousic.net,Yes me,It's Me,"yes, me"
4-dahlia.eml,spec@claypan.net,Yes me,It's Me,"yes, me"
4-dahlia.eml,pew@bingoban.net,Yes me,It's Me,"yes, me"
4-dahlia.eml,amanda@facopedia.net,Yes me,It's Me,"yes, me"
4-dahlia.eml,cor@faceram.net,Yes me,It's Me,"yes, me"
4-dahlia.eml,check@mynotice.net,Yes me,It's Me,"yes, me"
4-dahlia.eml,me@justmind.net,Yes me,It's Me,"yes, me"
4-dahlia.eml,main@linkcover.net,Yes me,It's Me,"yes, me"
4-dahlia.eml,aero@hitprime.net,Yes me,It's Me,"yes, me"
4-dahlia.eml,hinka@sightside.net,Yes me,It's Me,"yes, me"
4-dahlia.eml,contact@contact.bestanu.com,Yes me,It's Me,"yes, me"
4-dahlia.eml,contact@contact.softloss.com,Yes me,It's Me,"yes, me"
4-dahlia.eml,contact@contact.hidenes.com,Yes me,It's Me,"yes, me"
4-dahlia.eml,contact@contact.birdmile.com,Yes me,It's Me,"yes, me"
4-dahlia.eml,contact@contact.dailyton.com,Yes me,It's Me,"yes, me"
4-dahlia.eml,contact@contact.gohantime.com,Yes me,It's Me,"yes, me"
4-dahlia.eml,contact@contact.logicrose.com,Yes me,It's Me,"yes, me"
4-dahlia.eml,contact@contact.agepirade.com,Yes me,It's Me,"yes, me"
4-dahlia.eml,contact@contact.masadore.com,Yes me,It's Me,"yes, me"
4-dahlia.eml,contact@contact.greedolando.com,Yes me,It's Me,"yes, me"
4-dahlia.eml,contact@contact.famousic.net,Yes me,It's Me,"yes, me"
4-dahlia.eml,contact@contact.claypan.net,Yes me,It's Me,"yes, me"
4-dahlia.eml,contact@contact.bingoban.net,Yes me,It's Me,"yes, me"
4-dahlia.eml,contact@contact.facopedia.net,Yes me,It's Me,"yes, me"
4-dahlia.eml,contact@contact.faceram.net,Yes me,It's Me,"yes, me"
4-dahlia.eml,contact@contact.mynotice.net,Yes me,It's Me,"yes, me"
4-dahlia.eml,contact@contact.justmind.net,Yes me,It's Me,"yes, me"
4-dahlia.eml,contact@contact.linkcover.net,Yes me,It's Me,"yes, me"
4-dahlia.eml,contact@contact.hitprime.net,Yes me,It's Me,"yes, me"
4-dahlia.eml,contact@contact.sightside.net,Yes me,It's Me,"yes, me"
4-dahlia.eml,info@info.bestanu.com,Yes me,It's Me,"yes, me"
4-dahlia.eml,info@info.softloss.com,Yes me,It's Me,"yes, me"
4-dahlia.eml,info@info.hidenes.com,Yes me,It's Me,"yes, me"
4-dahlia.eml,info@info.birdmile.com,Yes me,It's Me,"yes, me"
4-dahlia.eml,info@info.dailyton.com,Yes me,It's Me,"yes, me"
4-dahlia.eml,info@info.gohantime.com,Yes me,It's Me,"yes, me"
4-dahlia.eml,info@info.logicrose.com,Yes me,It's Me,"yes, me"
4-dahlia.eml,info@info.agepirade.com,Yes me,It's Me,"yes, me"
4-dahlia.eml,info@info.masadore.com,Yes me,It's Me,"yes, me"
4-dahlia.eml,info@info.greedolando.com,Yes me,It's Me,"yes, me"
4-dahlia.eml,info@info.famousic.net,Yes me,It's Me,"yes, me"
4-dahlia.eml,info@info.claypan.net,Yes me,It's Me,"yes, me"
4-dahlia.eml,info@info.bingoban.net,Yes me,It's Me,"yes, me"
4-dahlia.eml,info@info.facopedia.net,Yes me,It's Me,"yes, me"
4-dahlia.eml,info@info.faceram.net,Yes me,It's Me,"yes, me"
4-dahlia.eml,info@info.mynotice.net,Yes me,It's Me,"yes, me"
4-dahlia.eml,info@info.justmind.net,Yes me,It's Me,"yes, me"
4-dahlia.eml,info@info.linkcover.net,Yes me,It's Me,"yes, me"
4-dahlia.eml,info@info.hitprime.net,Yes me,It's Me,"yes, me"
4-dahlia.eml,info@info.sightside.net,Yes me,It's Me,"yes, me"
4-dahlia.eml,support@teddfod.cn.com,Yes me,It's Me,"yes, me"
4-dahlia.eml,support@morozone.cn.com,Yes me,It's Me,"yes, me"
4-dahlia.eml,support@othesis.cn.com,Yes me,It's Me,"yes, me"
4-dahlia.eml,support@withophy.br.com,Yes me,It's Me,"yes, me"
4-dahlia.eml,support@mainly.de.com,Yes me,It's Me,"yes, me"
4-dahlia.eml,support@nauplify.de.com,Yes me,It's Me,"yes, me"
4-dahlia.eml,support@resouri.de.com,Yes me,It's Me,"yes, me"
4-dahlia.eml,support@presistan.uk.com,Yes me,It's Me,"yes, me"
4-dahlia.eml,support@verwock.uk.com,Yes me,It's Me,"yes, me"
4-dahlia.eml,support@canalyzing.uk.com,Yes me,It's Me,"yes, me"
4-dahlia.eml,support@sardose.us.org,Yes me,It's Me,"yes, me"
4-dahlia.eml,support@britical.us.org,Yes me,It's Me,"yes, me"
4-dahlia.eml,support@utilak.us.org,Yes me,It's Me,"yes, me"
4-dahlia.eml,support@pecules.us.com,Yes me,It's Me,"yes, me"
4-dahlia.eml,support@flatska.us.com,Yes me,It's Me,"yes, me"
4-dahlia.eml,support@bouncil.us.com,Yes me,It's Me,"yes, me"
4-dahlia.eml,contact@contact.teddfod.cn.com,Yes me,It's Me,"yes, me"
4-dahlia.eml,contact@contact.morozone.cn.com,Yes me,It's Me,"yes, me"
4-dahlia.eml,contact@contact.othesis.cn.com,Yes me,It's Me,"yes, me"
4-dahlia.eml,contact@contact.withophy.br.com,Yes me,It's Me,"yes, me"
4-dahlia.eml,contact@contact.mainly.de.com,Yes me,It's Me,"yes, me"
4-dahlia.eml,contact@contact.nauplify.de.com,Yes me,It's Me,"yes, me"
4-dahlia.eml,contact@contact.resouri.de.com,Yes me,It's Me,"yes, me"
4-dahlia.eml,contact@contact.presistan.uk.com,Yes me,It's Me,"yes, me"
4-dahlia.eml,contact@contact.verwock.uk.com,Yes me,It's Me,"yes, me"
4-dahlia.eml,contact@contact.canalyzing.uk.com,Yes me,It's Me,"yes, me"
4-dahlia.eml,contact@contact.sardose.us.org,Yes me,It's Me,"yes, me"
4-dahlia.eml,contact@contact.britical.us.org,Yes me,It's Me,"yes, me"
4-dahlia.eml,contact@contact.utilak.us.org,Yes me,It's Me,"yes, me"
4-dahlia.eml,contact@contact.pecules.us.com,Yes me,It's Me,"yes, me"
4-dahlia.eml,contact@contact.flatska.us.com,Yes me,It's Me,"yes, me"
4-dahlia.eml,contact@contact.bouncil.us.com,Yes me,It's Me,"yes, me"
4-dahlia.eml,info@info.teddfod.cn.com,Yes me,It's Me,"yes, me"
4-dahlia.eml,info@info.morozone.cn.com,Yes me,It's Me,"yes, me"
4-dahlia.eml,info@info.othesis.cn.com,Yes me,It's Me,"yes, me"
4-dahlia.eml,info@info.withophy.br.com,Yes me,It's Me,"yes, me"
4-dahlia.eml,info@info.mainly.de.com,Yes me,It's Me,"yes, me"
4-dahlia.eml,info@info.nauplify.de.com,Yes me,It's Me,"yes, me"
4-dahlia.eml,info@info.resouri.de.com,Yes me,It's Me,"yes, me"
4-dahlia.eml,info@info.presistan.uk.com,Yes me,It's Me,"yes, me"
4-dahlia.eml,info@info.verwock.uk.com,Yes me,It's Me,"yes, me"
4-dahlia.eml,info@info.canalyzing.uk.com,Yes me,It's Me,"yes, me"
4-dahlia.eml,info@info.sardose.us.org,Yes me,It's Me,"yes, me"
4-dahlia.eml,info@info.britical.us.org,Yes me,It's Me,"yes, me"
4-dahlia.eml,info@info.utilak.us.org,Yes me,It's Me,"yes, me"
4-dahlia.eml,info@info.pecules.us.com,Yes me,It's Me,"yes, me"
4-dahlia.eml,info@info.flatska.us.com,Yes me,It's Me,"yes, me"
4-dahlia.eml,info@info.bouncil.us.com,Yes me,It's Me,"yes, me"
4-dahlia.eml,support@mysocialtab.com,Yes me,It's Me,"yes, me"
4-dahlia.eml,support@indiaecommercebrief.com,Yes me,It's Me,"yes, me"
4-dahlia.eml,support@ikramedia.web.id,Yes me,It's Me,"yes, me"
4-dahlia.eml,support@tradetab.io,Yes me,It's Me,"yes, me"
4-dahlia.eml,support@cirugiagenital.com.mx,Yes me,It's Me,"yes, me"
4-dahlia.eml,contact@contact.mysocialtab.com,Yes me,It's Me,"yes, me"
4-dahlia.eml,contact@contact.indiaecommercebrief.com,Yes me,It's Me,"yes, me"
4-dahlia.eml,contact@contact.ikramedia.web.id,Yes me,It's Me,"yes, me"
4-dahlia.eml,contact@contact.tradetab.io,Yes me,It's Me,"yes, me"
4-dahlia.eml,contact@contact.cirugiagenital.com.mx,Yes me,It's Me,"yes, me"
4-dahlia.eml,info@info.mysocialtab.com,Yes me,It's Me,"yes, me"
4-dahlia.eml,info@info.indiaecommercebrief.com,Yes me,It's Me,"yes, me"
4-dahlia.eml,info@info.ikramedia.web.id,Yes me,It's Me,"yes, me"
4-dahlia.eml,info@info.tradetab.io,Yes me,It's Me,"yes, me"
4-dahlia.eml,info@info.cirugiagenital.com.mx,Yes me,It's Me,"yes, me"
